idno,ppltrst,happy,health,cgtsday,alcfreq,height,weight,gndr,yrbrn
921018,6,9,Very good,10.0,2-3 times a month,178.0,64.0,Male,1990
921026,8,8,Very good,,Several times a week,172.0,64.0,Female,1948
921034,8,8,Good,,Every day,176.0,87.0,Male,1957
921076,8,8,Good,,Several times a week,162.0,70.0,Female,1958
921084,5,8,Very good,,Every day,175.0,80.0,Male,1936
921131,8,8,Fair,,Several times a week,160.0,70.0,Female,1940
921165,8,Extremely happy,Good,,Once a week,167.0,78.0,Female,1965
921181,9,9,Fair,,Once a week,194.0,102.0,Male,1956
921199,9,8,Fair,20.0,2-3 times a month,176.0,62.0,Female,1993
921204,9,8,Good,,Once a week,157.0,48.0,Female,1941
921220,8,8,Fair,,Every day,178.0,80.0,Male,1949
921254,7,4,Very good,,Once a week,185.0,70.0,Male,1977
921262,8,8,Very good,,2-3 times a month,180.0,93.0,Male,1987
921288,8,8,Very good,,Several times a week,191.0,95.0,Male,1949
921296,5,9,Good,,Once a week,202.0,108.0,Male,1988
921319,8,Extremely happy,Fair,10.0,Once a week,185.0,82.0,Male,1997
921327,9,9,Good,,Once a week,182.0,97.0,Male,1940
921335,8,9,Good,,Several times a week,178.0,84.0,Male,1945
921377,7,9,Good,,2-3 times a month,169.0,68.0,Male,1948
921393,7,8,Very good,,Less than once a month,184.0,67.0,Male,1985
921408,7,9,Fair,1.0,Several times a week,203.0,104.0,Male,1977
921416,8,Extremely happy,Very good,40.0,Several times a week,186.0,83.0,Male,1953
921424,7,9,Very good,,Several times a week,193.0,80.0,Male,1993
921432,6,Extremely happy,Very good,6.0,Once a week,180.0,90.0,Male,1989
921440,9,9,Good,,Once a week,178.0,76.0,Male,1975
921474,3,6,Fair,8.0,Less than once a month,160.0,70.0,Female,1980
921490,4,Extremely happy,Very good,,Never,167.0,62.0,Female,1965
921505,8,8,Good,,2-3 times a month,185.0,83.0,Male,1968
921521,6,9,Good,,Several times a week,191.0,75.0,Male,1987
921539,7,9,Very good,5.0,Less than once a month,170.0,78.0,Female,1982
921547,5,8,Good,,Once a month,164.0,68.0,Female,1999
921563,4,8,Good,8.0,Several times a week,180.0,70.0,Male,1954
921571,8,9,Fair,5.0,Less than once a month,163.0,92.0,Female,1978
921589,8,9,Very bad,,Never,142.0,50.0,Female,1931
921610,6,9,Good,,Less than once a month,170.0,60.0,Female,1978
921628,7,8,Fair,,2-3 times a month,162.0,78.0,Female,1941
921636,9,8,Very good,,2-3 times a month,185.0,68.0,Male,1996
921652,7,7,Very good,,Once a week,172.0,65.0,Female,1987
921660,8,6,Very good,,2-3 times a month,173.0,76.0,Male,1941
921678,4,Extremely happy,Very good,10.0,Every day,178.0,65.0,Male,1946
921733,5,3,Fair,,Several times a week,182.0,95.0,Male,1960
921814,9,Extremely happy,Very good,,Never,196.0,90.0,Male,1972
921856,7,8,Very good,,2-3 times a month,158.0,79.0,Female,1969
921864,8,7,Bad,20.0,Several times a week,169.0,66.0,Male,1994
921872,4,5,Very bad,15.0,Never,165.0,69.0,Female,1983
921880,7,9,Good,,Once a week,180.0,80.0,Female,1963
921898,8,Extremely happy,Very good,,2-3 times a month,177.0,66.0,Female,1966
921903,8,Extremely happy,Very good,3.0,2-3 times a month,170.0,76.0,Male,1967
921911,5,1,Bad,20.0,Every day,175.0,98.0,Male,1969
921937,4,4,Very good,10.0,Several times a week,180.0,64.0,Male,1994
921945,6,7,Very good,,Once a week,183.0,106.0,Male,1976
921953,8,9,Fair,,Every day,172.0,82.0,Female,1935
921987,7,7,Very good,,Once a week,179.0,74.0,Male,1964
922006,7,Extremely happy,Good,20.0,Less than once a month,167.0,106.0,Female,1964
922014,5,9,Fair,,2-3 times a month,161.0,50.0,Female,1991
922048,9,3,Bad,0.0,Every day,165.0,70.0,Male,1929
922056,6,8,Good,,Every day,153.0,58.0,Female,1973
922072,7,9,Very good,,Once a month,162.0,69.0,Female,1988
922080,5,6,Fair,20.0,Several times a week,184.0,87.0,Male,1975
922098,4,9,Very good,3.0,Less than once a month,186.0,69.0,Male,1947
922103,9,8,Good,20.0,Every day,189.0,76.0,Male,1949
922111,8,9,Very good,,Every day,169.0,60.0,Female,1944
922129,4,8,Good,,Several times a week,185.0,70.0,Male,1998
922200,8,8,Good,,Once a month,188.0,105.0,Male,1975
922226,5,8,Good,,Several times a week,173.0,80.0,Male,1941
922250,8,8,Fair,,Several times a week,178.0,72.0,Female,1937
922268,9,Extremely happy,Very good,8.0,Several times a week,170.0,85.0,Female,1971
922276,9,Extremely happy,Bad,,Several times a week,171.0,50.0,Male,1952
922284,7,8,Good,6.0,Every day,176.0,77.0,Male,1947
922292,8,Extremely happy,Very good,,Once a week,169.0,65.0,Female,1968
922315,7,7,Very good,,Several times a week,183.0,88.0,Male,1942
922323,6,8,Fair,,Once a week,155.0,47.0,Female,1940
922381,5,9,Good,,Less than once a month,177.0,75.0,Male,1969
922399,8,9,Good,,Less than once a month,176.0,73.0,Male,1959
922404,8,Extremely happy,Very good,,Once a week,177.0,63.0,Male,1999
922412,8,9,Good,,2-3 times a month,172.0,67.0,Female,1962
922420,7,Extremely happy,Good,,Once a month,164.0,74.0,Female,1976
922454,8,8,Good,,Less than once a month,170.0,68.0,Female,1991
922462,Most people can be trusted,Extremely happy,Very good,,Once a week,160.0,60.0,Female,1968
922470,9,8,Fair,,Once a week,153.0,62.0,Female,1936
922501,9,8,Very good,,Several times a week,165.0,64.0,Female,1970
922519,8,8,Good,,Several times a week,178.0,78.0,Male,1953
922535,8,9,Very good,,2-3 times a month,176.0,82.0,Male,1964
922543,2,Extremely happy,Fair,,Never,155.0,64.0,Female,1970
922569,3,3,Fair,,Once a month,165.0,58.0,Female,1980
922577,6,9,Fair,,2-3 times a month,168.0,79.0,Male,1943
922593,Most people can be trusted,8,Fair,15.0,Every day,163.0,50.0,Female,1968
922608,5,9,Very good,,Every day,182.0,80.0,Male,1982
922616,Most people can be trusted,9,Good,,2-3 times a month,180.0,92.0,Male,1953
922624,5,8,Fair,,Every day,163.0,54.0,Female,1954
922640,8,9,Very good,,Once a week,172.0,68.0,Female,1946
922658,5,Extremely happy,Good,,2-3 times a month,183.0,91.0,Male,1985
922690,4,9,Good,5.0,Less than once a month,170.0,47.0,Female,1993
922713,7,8,Good,,Several times a week,166.0,68.0,Female,1947
922721,7,9,Good,,2-3 times a month,182.0,87.0,Male,1965
922739,8,9,Very good,15.0,Several times a week,192.0,88.0,Male,1968
922763,5,7,Good,,Once a week,187.0,110.0,Male,1967
922771,8,8,Good,,Never,165.0,63.0,Female,1990
922789,7,8,Very good,,Once a month,178.0,102.0,Male,1949
922802,9,9,Good,,Less than once a month,164.0,64.0,Female,1990
922852,2,8,Fair,,2-3 times a month,188.0,92.0,Male,1986
922860,8,8,Very good,,2-3 times a month,159.0,64.0,Female,1993
922886,6,5,Very good,,Never,160.0,74.0,Female,1932
922894,8,Extremely happy,Very good,,Several times a week,168.0,60.0,Female,1964
922925,9,8,Very good,15.0,Once a week,186.0,66.0,Male,1986
922933,9,9,Fair,,Less than once a month,160.0,98.0,Female,1965
922941,7,2,Bad,,Less than once a month,185.0,99.0,Male,1991
922959,8,9,Good,1.0,Once a month,185.0,84.0,Male,1998
922967,8,7,Fair,,Once a week,185.0,125.0,Male,1977
922975,8,8,Very good,,Every day,178.0,63.0,Male,1967
922983,6,7,Good,15.0,Once a week,160.0,54.0,Female,1947
922991,8,9,Good,,2-3 times a month,166.0,60.0,Female,1934
923052,8,Extremely happy,Good,,2-3 times a month,157.0,62.0,Female,1931
923060,8,9,Good,,Several times a week,174.0,76.0,Male,1940
923094,5,8,Fair,,2-3 times a month,165.0,58.0,Female,1986
923109,8,9,Good,,Less than once a month,158.0,101.0,Female,1946
923125,5,8,Very good,0.0,2-3 times a month,178.0,91.0,Male,1987
923133,9,8,Fair,3.0,Once a week,172.0,65.0,Female,1958
923141,7,9,Very good,,Several times a week,186.0,75.0,Female,1970
923159,8,2,Fair,15.0,Several times a week,164.0,51.4,Female,1946
923167,3,5,Fair,20.0,Less than once a month,184.0,120.0,Male,1971
923183,5,9,Very good,10.0,Once a month,170.0,58.0,Female,1966
923191,8,Extremely happy,Very good,,2-3 times a month,170.0,60.0,Female,1953
923214,9,9,Very good,,Once a month,180.0,63.0,Male,1998
923256,7,9,Fair,,2-3 times a month,176.0,80.0,Female,1958
923264,6,Extremely happy,Good,,Several times a week,173.0,89.0,Male,1943
923272,8,8,Very good,20.0,Once a week,190.0,81.0,Male,1992
923280,9,9,Good,20.0,Once a week,182.0,105.0,Male,1983
923329,8,8,Fair,,Less than once a month,162.0,74.0,Female,1969
923353,7,Extremely happy,Very good,,Several times a week,178.0,100.9,Male,1963
923361,7,9,Good,,Never,176.0,95.0,Male,1984
923379,8,8,Good,,2-3 times a month,166.0,60.0,Female,1967
923395,8,8,Very good,,Several times a week,176.0,70.0,Female,1979
923400,8,Extremely happy,Very good,,Several times a week,180.0,70.0,Male,1946
923418,7,7,Good,,Less than once a month,168.0,52.0,Female,1963
923426,8,8,Good,20.0,Once a week,184.0,84.0,Male,1991
923434,5,9,Good,11.0,Less than once a month,164.0,60.0,Female,1968
923476,7,Extremely happy,Very good,,Once a month,168.0,58.0,Female,1995
923492,5,9,Good,,Once a week,166.0,60.0,Female,1953
923523,5,9,Good,,Every day,172.0,59.0,Female,1945
923531,9,Extremely happy,Very good,,Several times a week,167.0,67.0,Female,1956
923557,9,9,Very good,,Once a week,182.0,76.0,Male,1984
923573,7,9,Very good,,2-3 times a month,155.0,61.0,Female,1987
923604,5,8,Good,5.0,Less than once a month,189.0,78.0,Male,1989
923612,9,7,Very good,2.0,Once a month,170.0,62.0,Male,1981
923620,8,Extremely happy,Good,,Several times a week,180.0,93.0,Male,1984
923646,You can't be too careful,Extremely happy,Very good,8.0,Less than once a month,,,Female,1948
923662,6,8,Very good,,2-3 times a month,163.0,62.0,Female,1976
923670,6,9,Good,,Once a month,176.0,72.0,Male,1979
923688,5,7,Fair,10.0,2-3 times a month,164.0,63.0,Female,1990
923701,5,9,Bad,,Once a week,173.0,59.0,Female,1980
923719,7,9,Good,,Once a week,178.0,85.0,Male,1975
923727,7,9,Good,3.0,2-3 times a month,160.0,54.0,Female,1940
923743,9,8,Very good,2.0,Once a week,183.0,80.0,Male,1988
923769,5,8,Good,,Several times a week,170.0,66.0,Male,1951
923777,6,9,Very good,,2-3 times a month,160.0,55.0,Female,1975
923785,9,8,Very good,,2-3 times a month,155.0,60.0,Female,1960
923793,8,Extremely happy,Very good,,Once a week,179.0,80.0,Male,1950
923808,9,5,Very good,20.0,Every day,172.0,76.0,Male,1955
923816,7,9,Good,,2-3 times a month,165.0,70.0,Female,1999
923824,9,8,Very good,,Once a week,170.0,65.0,Female,1964
923832,8,8,Very good,10.0,Several times a week,173.0,60.0,Male,1994
923858,9,9,Good,,2-3 times a month,180.0,70.0,Male,1977
923866,7,9,Good,,Once a week,192.0,93.0,Male,1992
923882,8,9,Very good,4.0,Every day,179.0,87.0,Male,1935
923890,9,Extremely happy,Very good,,Once a week,173.0,60.0,Female,1996
923905,6,8,Good,12.0,Once a week,196.0,135.0,Male,1995
923913,7,9,Very good,,Every day,170.0,70.0,Male,1943
923939,9,Extremely happy,Good,,Several times a week,177.0,107.0,Male,1951
923971,9,7,Fair,,Never,166.0,82.0,Female,1929
923989,9,7,Good,,2-3 times a month,180.0,70.0,Female,1959
923997,8,8,Very good,,Several times a week,190.0,110.0,Male,1954
924024,7,8,Good,,Less than once a month,169.0,66.0,Female,1986
924032,7,Extremely happy,Fair,,Every day,174.0,72.0,Male,1926
924040,8,9,Fair,,Every day,172.0,92.0,Male,1942
924058,9,,Good,10.0,Once a month,164.0,68.0,Female,1949
924066,5,6,Fair,,Every day,175.0,68.0,Male,1927
924074,8,9,Very good,,Several times a week,189.0,66.0,Male,1970
924090,9,5,Bad,,Every day,178.0,66.0,Male,1957
924105,8,8,Good,15.0,Less than once a month,160.0,63.0,Female,1962
924113,8,8,Very good,,Several times a week,197.0,82.0,Male,1997
924121,5,7,Very good,10.0,Never,188.0,85.0,Male,1990
924139,8,8,Good,,Once a month,174.0,79.0,Male,1951
924155,5,8,Good,,Every day,180.0,70.0,Male,1935
924163,5,5,Good,,Once a week,169.0,63.0,Male,1971
924171,3,7,Very good,10.0,Once a week,161.0,65.0,Female,1995
924202,9,,Very bad,,Several times a week,170.0,74.0,Female,1970
924236,8,9,Fair,,Several times a week,178.0,93.0,Male,1952
924244,7,8,Very good,,Several times a week,178.0,90.0,Male,1983
924252,Most people can be trusted,9,Very good,,Once a month,169.0,56.0,Female,1995
924278,Most people can be trusted,Extremely happy,Good,20.0,Several times a week,167.0,54.0,Female,1934
924325,8,9,Good,,Once a month,175.0,78.0,Male,1971
924359,8,Extremely happy,Good,,Once a week,165.0,72.0,Male,1937
924367,5,8,Very good,,Once a week,178.0,85.0,Male,1943
924375,7,Extremely happy,Very good,,Once a month,178.0,76.0,Female,1976
924383,3,8,Bad,,Never,175.0,94.0,Male,1946
924406,8,8,Good,,Never,168.0,65.0,Female,1934
924430,7,8,Very good,,Once a week,178.0,69.0,Male,1957
924464,7,9,Good,,Once a month,174.0,74.0,Female,1991
924472,8,8,Very good,,Less than once a month,168.0,72.0,Female,1989
924480,8,Extremely happy,Very good,,Less than once a month,166.0,65.0,Female,1957
924498,5,7,Very good,10.0,Several times a week,175.0,66.0,Male,1966
924503,7,8,Good,,Every day,181.0,81.5,Male,1932
924511,8,9,Fair,20.0,Less than once a month,157.0,59.0,Male,1957
924529,8,9,Good,,Several times a week,163.0,75.0,Female,1957
924545,5,Extremely happy,Good,4.0,Never,172.0,75.0,Male,1979
924561,8,Extremely happy,Very good,,Less than once a month,172.0,57.0,Female,1980
924579,5,9,Bad,,Several times a week,165.0,66.0,Female,1945
924595,8,9,Good,,Several times a week,165.0,80.0,Female,1955
924600,9,6,Fair,,Several times a week,188.0,91.0,Male,1955
924618,7,9,Good,,Once a week,180.0,81.0,Male,1977
924626,8,8,Very good,25.0,Once a month,168.0,85.0,Male,1942
924676,3,8,Very good,,Once a week,180.0,83.0,Male,1955
924692,7,5,Good,,Once a week,163.0,58.0,Female,1980
924715,9,9,Good,3.0,Once a week,167.0,95.0,Female,1985
924731,5,8,Bad,,Never,178.0,86.0,Male,1951
924781,9,Extremely happy,Very good,,Several times a week,178.0,75.0,Male,1973
924812,You can't be too careful,9,Very good,,Once a week,173.0,65.0,Female,1984
924846,8,9,Very good,,Less than once a month,168.0,68.0,Female,1972
924854,7,7,Good,,Never,173.0,87.0,Male,1966
924862,7,8,Very good,,Once a month,178.0,82.0,Male,1980
924901,Most people can be trusted,Extremely happy,Very good,,Several times a week,164.0,70.0,Female,1957
924943,7,9,Very good,,2-3 times a month,185.0,82.0,Male,1998
924951,7,8,Very good,,Once a week,162.0,59.0,Female,1980
924969,8,5,Good,20.0,Every day,176.0,76.0,Male,1957
924985,8,9,Very good,,Once a week,188.0,85.0,Male,1946
925038,8,7,Very good,,Several times a week,168.0,63.0,Female,1968
925046,7,9,Very good,10.0,Several times a week,169.0,74.0,Female,1960
925054,8,7,Very good,4.0,Once a month,170.0,66.0,Female,1975
925062,6,9,Very good,,Once a month,174.0,108.0,Male,1977
925088,4,Extremely happy,Very good,,Once a week,178.0,86.0,Female,1944
925096,6,9,Fair,,Less than once a month,179.0,78.6,Male,1996
925101,6,5,Very good,9.0,Once a week,176.0,83.0,Male,1990
925119,8,8,Very good,,Several times a week,168.0,57.0,Female,1971
925127,5,9,Good,,Never,163.0,62.0,Female,1989
925143,4,8,Fair,,2-3 times a month,168.0,66.0,Female,1956
925169,7,7,Fair,,2-3 times a month,174.0,64.0,Male,1933
925177,5,Extremely happy,Good,13.0,Every day,164.0,74.0,Female,1957
925185,9,9,Very good,,Once a month,167.0,54.0,Female,1974
925193,6,8,Fair,1.0,Once a week,189.0,75.0,Male,1996
925216,6,9,Good,,Several times a week,168.0,102.0,Female,1958
925224,5,2,Fair,30.0,Less than once a month,173.0,58.0,Female,1967
925232,5,9,Very good,,Once a month,168.0,50.0,Male,1998
925240,8,9,Very good,,2-3 times a month,184.0,110.0,Male,1939
925258,7,7,Good,,Once a week,179.0,99.0,Male,1967
925274,4,6,Bad,,2-3 times a month,174.0,89.0,Male,1955
925282,6,7,Good,,Several times a week,163.0,59.0,Female,1938
925290,7,9,Very good,,Several times a week,177.0,90.0,Male,1951
925305,9,9,Good,,Several times a week,180.0,86.0,Male,1947
925313,8,9,Good,,Once a week,187.0,135.0,Male,1955
925355,3,8,Fair,,Less than once a month,175.0,82.0,Male,1962
925371,5,9,Fair,,,162.0,70.0,Female,1938
925397,8,9,Good,,Several times a week,188.0,99.0,Male,1964
925402,Most people can be trusted,8,Very good,,2-3 times a month,166.0,56.0,Female,1976
925410,4,8,Bad,,Several times a week,156.0,60.0,Female,1969
925509,8,8,Fair,,Every day,170.0,65.0,Male,1968
925525,8,Extremely happy,Fair,,Every day,156.0,50.0,Female,1939
925533,5,Extremely happy,Very good,,Several times a week,190.0,95.0,Male,1984
925541,8,8,Good,,Less than once a month,180.0,114.0,Male,1980
925559,7,Extremely happy,Good,,Once a week,186.0,105.0,Male,1996
925567,6,Extremely happy,Fair,,2-3 times a month,152.0,76.0,Female,1937
925575,9,9,Very good,,Several times a week,158.0,57.0,Female,1939
925583,4,9,Good,,Less than once a month,169.0,65.0,Female,1994
925591,7,9,Very good,,2-3 times a month,164.0,53.0,Female,1958
925606,8,9,Very good,14.0,Once a week,176.0,104.0,Male,1955
925614,5,9,Fair,,Never,168.0,102.0,Female,1971
925622,8,8,Fair,,Every day,157.0,70.0,Female,1946
925656,6,9,Very good,,Several times a week,168.0,67.0,Male,1966
925680,8,Extremely happy,Good,,Several times a week,164.0,69.0,Female,1944
925703,8,5,Fair,,2-3 times a month,165.0,60.0,Female,1975
925745,7,8,Very good,20.0,Once a month,168.0,65.0,Female,1957
925753,7,7,Very good,0.0,Less than once a month,168.0,67.0,Female,1988
925761,8,9,Very good,,Less than once a month,188.0,77.0,Male,1987
925787,7,9,Very good,20.0,Less than once a month,175.0,80.0,Female,1949
925795,8,9,Good,2.0,Once a week,178.0,85.0,Female,1964
925826,7,9,Very good,,2-3 times a month,171.0,64.0,Female,1989
925876,8,6,Very good,10.0,Several times a week,189.0,80.0,Male,1970
925884,5,9,Bad,,Never,173.0,81.0,Male,1990
925923,6,8,Bad,,Several times a week,177.0,79.0,Female,1964
925999,3,7,Very good,,Less than once a month,180.0,67.0,Male,1961
926026,9,9,Very good,,Once a week,167.0,63.0,Female,1976
926034,7,Extremely happy,Very good,20.0,Once a week,173.0,72.0,Male,1956
926050,7,9,Very good,10.0,2-3 times a month,166.0,58.0,Female,1974
926092,7,9,Fair,15.0,2-3 times a month,173.0,115.0,Female,1975
926107,5,8,Very good,,Less than once a month,187.0,84.0,Male,1999
926115,9,9,Very good,,2-3 times a month,170.0,58.0,Female,1961
926131,8,9,Very good,,Less than once a month,176.0,79.0,Female,1982
926149,Most people can be trusted,5,Very good,,Several times a week,198.0,105.0,Male,1956
926181,5,8,Very bad,,Every day,183.0,66.0,Male,1962
926199,5,7,Very good,,Once a month,175.0,66.1,Female,1979
926238,4,9,Very good,10.0,2-3 times a month,169.0,56.0,Female,1969
926246,5,5,Fair,,Never,150.0,53.0,Female,1969
926288,Most people can be trusted,9,Very good,,2-3 times a month,160.0,59.0,Female,1951
926319,7,8,Good,13.0,Never,172.0,62.0,Male,1957
926343,2,Extremely happy,Very good,,Several times a week,189.0,80.0,Male,1987
926351,8,9,Very good,,Once a week,170.0,60.0,Female,1973
926377,5,8,Fair,20.0,Once a week,176.0,82.0,Male,1951
926385,8,8,Very good,,Once a week,176.0,73.0,Male,1943
926408,7,8,Very good,,Once a week,172.0,76.0,Male,1945
926458,8,7,Very good,15.0,Once a week,172.0,77.0,Male,1986
926513,7,9,Good,,Once a week,159.0,72.0,Female,1948
926539,7,8,Very good,0.0,Once a week,165.0,59.0,Female,1994
926555,6,8,Very good,,Less than once a month,183.0,75.0,Male,1995
926563,7,8,Fair,,Never,195.0,66.0,Male,1997
926589,9,Extremely happy,Good,,Several times a week,172.0,68.0,Male,1965
926597,6,7,Good,,Less than once a month,173.0,68.0,Female,1978
926652,3,7,Good,,2-3 times a month,172.0,62.0,Female,1990
926660,3,5,Good,,Once a week,186.0,66.0,Male,1965
926678,9,9,Very good,,Less than once a month,180.0,85.0,Male,1941
926694,8,Extremely happy,Good,,Every day,177.0,78.0,Male,1939
926709,3,9,Fair,,2-3 times a month,179.0,,Female,1981
926725,5,Extremely happy,Fair,,Once a week,168.0,70.0,Male,1971
926733,7,8,Fair,,Less than once a month,163.0,85.0,Female,1968
926759,4,7,Bad,,Never,168.0,66.0,Female,1953
926767,8,8,Very good,,2-3 times a month,173.0,65.0,Female,1953
926775,8,8,Good,20.0,Several times a week,189.0,75.0,Male,1989
926806,6,Extremely happy,Very good,,Several times a week,172.0,64.0,Female,1979
926814,4,1,Bad,,Once a week,162.0,80.0,Female,1977
926822,8,Extremely happy,Very good,,Several times a week,175.0,69.0,Male,1937
926848,8,9,Very good,15.0,Once a month,178.0,76.0,Male,1996
926872,8,Extremely happy,Good,,Once a week,155.0,58.0,Female,1973
926880,7,8,Very good,,Once a week,161.0,62.0,Female,1969
926898,5,6,Good,,Once a week,182.0,112.0,Male,1968
926903,9,9,Very good,,Every day,162.0,62.0,Female,1940
926911,8,8,Good,,2-3 times a month,184.0,79.0,Male,1960
926929,5,2,Good,15.0,Every day,169.0,57.0,Female,1957
926937,7,Extremely happy,Good,,Every day,168.0,74.0,Female,1942
926945,7,9,Fair,,Once a week,176.0,56.0,Female,1971
926953,Most people can be trusted,8,Good,,Once a month,184.0,73.0,Male,1940
926961,7,7,Very good,,Once a week,172.0,51.0,Female,1998
926979,7,9,Very good,,Once a week,183.0,84.0,Male,1992
926987,8,9,Very good,,Several times a week,162.0,64.0,Female,1950
926995,8,7,Very good,10.0,Once a week,178.0,95.0,Male,1986
927006,7,6,Bad,,Less than once a month,167.0,72.0,Female,1967
927048,7,Extremely happy,Fair,,Less than once a month,160.0,75.0,Female,1985
927072,8,7,Good,,Several times a week,192.0,83.0,Male,1964
927098,9,8,Very good,,Several times a week,165.0,55.0,Female,1954
927111,4,4,Very bad,,Less than once a month,159.0,93.0,Female,1966
927137,Most people can be trusted,Extremely happy,Very good,18.0,2-3 times a month,175.0,90.0,Male,1955
927179,5,5,Good,,2-3 times a month,169.0,43.0,Female,1954
927187,3,9,Good,,Every day,162.0,65.0,Male,1927
927226,8,Extremely happy,Very good,,Less than once a month,182.0,87.0,Male,1974
927250,8,9,Very good,,Several times a week,169.0,65.0,Female,1977
927276,8,Extremely happy,Fair,,Several times a week,184.0,90.0,Male,1953
927284,Most people can be trusted,8,Good,,Less than once a month,155.0,60.0,Female,1922
927307,7,8,Good,7.0,Once a week,161.0,63.0,Female,1995
927323,8,Extremely happy,Fair,,Once a week,172.0,87.0,Female,1967
927331,5,Extremely happy,Very good,,Never,181.0,,Female,1981
927349,5,8,Very good,10.0,Once a week,188.0,79.0,Male,1974
927373,8,9,Good,,Less than once a month,172.0,72.0,Male,1987
927381,7,8,Fair,,Every day,173.0,82.0,Male,1995
927399,2,7,Fair,25.0,Once a week,180.0,83.0,Male,1981
927462,Most people can be trusted,Extremely happy,Fair,10.0,Less than once a month,172.0,68.0,Male,1959
927488,4,9,Fair,15.0,Less than once a month,168.0,74.0,Male,1981
927585,7,9,Good,,Once a month,175.0,84.0,Female,1986
927593,4,Extremely happy,Good,,Once a week,170.0,84.0,Male,1967
927608,5,8,Very good,,2-3 times a month,165.0,66.0,Female,1979
927616,Most people can be trusted,9,Very good,,2-3 times a month,188.0,101.0,Male,1941
927624,8,8,Good,,Once a week,160.0,69.0,Female,1961
927632,5,9,Good,,Never,158.0,64.0,Female,1976
927640,8,8,Very good,,Once a week,180.0,87.0,Female,1988
927739,7,Extremely happy,Good,,Several times a week,180.0,89.0,Male,1976
927763,5,7,Good,,Less than once a month,185.0,97.0,Male,1938
927771,8,Extremely happy,Good,,Once a month,181.0,63.0,Female,1984
927828,8,9,Very good,,2-3 times a month,164.0,63.0,Female,1972
927836,8,9,Very good,,Several times a week,172.0,63.0,Male,1967
927860,Most people can be trusted,9,Very good,,Several times a week,169.0,62.0,Female,1955
927894,8,8,Very good,12.0,2-3 times a month,193.0,83.0,Male,1967
927933,6,8,Fair,,Once a week,159.0,51.0,Female,1990
927959,8,9,Good,,Every day,157.0,61.0,Female,1964
927967,8,8,Very good,0.0,Several times a week,175.0,82.0,Male,1967
927983,3,8,Fair,20.0,Once a month,164.0,54.0,Female,1989
928002,8,8,Fair,,Several times a week,146.0,48.0,Female,1935
928028,8,6,Very good,10.0,Several times a week,181.0,75.0,Male,1986
928044,7,2,Very bad,,Every day,170.0,59.0,Male,1937
928060,8,8,Good,12.0,Never,168.0,95.0,Male,1985
928086,8,Extremely happy,Very good,,Several times a week,176.0,65.0,Female,1949
928094,4,8,Good,,Never,162.0,52.0,Female,1998
928109,8,7,Good,,Once a week,168.0,67.0,Female,1964
928125,3,8,Good,,2-3 times a month,183.0,87.0,Male,1968
928133,7,6,Bad,,Less than once a month,183.0,82.0,Male,1993
928167,8,7,Fair,,2-3 times a month,183.0,120.0,Male,1956
928175,5,Extremely happy,Fair,,Several times a week,162.0,52.0,Female,1955
928248,8,9,Very good,,2-3 times a month,168.0,69.0,Female,1983
928256,6,8,Very good,,Once a week,173.0,75.0,Male,1974
928280,You can't be too careful,9,Very bad,20.0,Never,148.0,65.0,Female,1953
928298,5,Extremely happy,Fair,,Less than once a month,163.0,,Female,1952
928303,5,9,Very good,,Several times a week,178.0,73.0,Male,1969
928311,9,6,Good,,Less than once a month,194.0,94.0,Male,1973
928345,6,7,Good,7.0,Several times a week,177.0,84.0,Male,1967
928361,9,8,Good,,Once a week,166.0,59.0,Female,1955
928379,8,8,Very good,,Once a month,171.0,58.0,Female,1998
928400,8,8,Good,,Once a week,167.0,61.0,Female,1969
928418,7,6,Fair,,Several times a week,187.0,80.0,Male,1997
928434,8,6,Fair,,2-3 times a month,164.0,64.0,Female,1960
928476,6,9,Very good,,2-3 times a month,180.0,79.0,Male,1964
928492,5,6,Good,20.0,Once a week,162.0,80.0,Female,1968
928515,7,8,Very good,,Several times a week,178.0,89.0,Male,1939
928565,4,Extremely happy,Very good,,2-3 times a month,178.0,88.0,Male,1982
928573,8,8,Very good,,Never,168.0,68.0,Female,1936
928604,8,Extremely happy,Very good,2.0,Once a month,151.0,,Female,1940
928646,7,6,Fair,,Once a month,161.0,70.0,Female,1959
928662,8,Extremely happy,Very good,,Once a week,176.0,68.0,Female,1973
928670,7,Extremely happy,Very good,,Several times a week,183.0,81.0,Male,1964
928701,9,8,Very good,,Once a week,183.0,82.0,Male,1989
928727,6,Extremely happy,Very good,,2-3 times a month,187.0,68.0,Male,1998
928735,8,Extremely happy,Very good,,Once a week,165.0,76.0,Female,1943
928769,6,8,Good,,Never,155.0,70.0,Female,1981
928777,8,8,Good,20.0,2-3 times a month,189.0,71.0,Male,1972
928785,8,9,Fair,20.0,Once a week,183.0,125.0,Male,1967
928808,8,7,Very good,,Once a week,182.0,81.0,Male,1988
928816,7,9,Good,,2-3 times a month,196.0,105.0,Male,1973
928824,7,Extremely happy,Very good,,2-3 times a month,163.0,56.0,Female,1981
928832,6,6,Good,,2-3 times a month,174.0,85.0,Male,1963
928840,3,5,Very good,,Less than once a month,187.0,98.0,Male,1998
928858,7,9,Very good,,2-3 times a month,185.0,80.0,Male,1998
928874,7,7,Very good,,Less than once a month,187.0,64.0,Male,1999
928905,6,8,Bad,20.0,Once a week,173.0,68.0,Male,1952
928913,8,Extremely happy,Good,,Every day,163.0,71.0,Female,1936
928947,5,Extremely happy,Good,20.0,Every day,167.0,75.0,Male,1950
928955,9,Extremely happy,Very good,,Once a month,176.0,66.0,Male,1944
928971,8,Extremely happy,Good,,Once a week,168.0,54.0,Female,1946
928997,5,8,Very good,25.0,Several times a week,175.0,67.0,Female,1988
929032,7,8,Fair,,Once a week,164.0,63.0,Female,1951
929040,4,9,Very good,15.0,Once a week,182.0,76.0,Male,1993
929082,8,Extremely happy,Very good,,Several times a week,187.0,120.0,Male,1963
929090,8,9,Fair,,Once a month,184.0,89.0,Male,1965
929105,5,7,Very good,,2-3 times a month,158.0,68.0,Female,1981
929121,6,Extremely happy,Fair,,Every day,164.0,73.0,Male,1941
929139,7,9,Fair,,Once a month,186.0,107.0,Male,1955
929147,7,9,Fair,,Less than once a month,173.0,83.0,Male,1938
929163,5,7,Fair,10.0,Once a week,167.0,56.0,Female,1941
929171,You can't be too careful,Extremely happy,Fair,,2-3 times a month,173.0,88.0,Male,1937
929189,8,Extremely happy,Very good,,Less than once a month,178.0,86.0,Male,1963
929197,9,Extremely happy,Good,10.0,Several times a week,182.0,90.0,Male,1962
929202,Most people can be trusted,Extremely happy,Good,,Once a week,167.0,52.0,Female,1994
929210,7,Extremely happy,Fair,,Several times a week,180.0,110.0,Male,1949
929228,9,9,Good,,Several times a week,182.0,102.0,Male,1938
929294,7,8,Very good,,Never,178.0,67.0,Female,1970
929309,9,9,Fair,,Every day,167.0,76.0,Female,1950
929325,8,Extremely happy,Good,,Less than once a month,162.0,76.0,Female,1970
929359,3,8,Fair,,Several times a week,182.0,88.0,Male,1945
929367,9,8,Good,,Several times a week,170.0,74.0,Female,1962
929391,8,9,Fair,,Several times a week,163.0,97.0,Female,1951
929406,7,Extremely happy,Fair,,Once a week,168.0,75.0,Male,1945
929414,7,8,Very good,20.0,Several times a week,171.0,60.0,Female,1997
929448,Most people can be trusted,1,Good,,Less than once a month,172.0,,Male,1926
929456,8,8,Fair,,Less than once a month,170.0,70.0,Female,1998
929464,7,7,Good,,2-3 times a month,165.0,86.0,Female,1982
929472,5,8,Fair,20.0,Never,163.0,53.0,Female,1958
929480,7,Extremely happy,Very good,,2-3 times a month,169.0,66.0,Female,1958
929529,9,8,Good,15.0,Several times a week,164.0,77.0,Female,1969
929537,6,9,Very good,0.0,Several times a week,174.0,64.0,Male,1942
929545,8,7,Good,,Once a week,188.0,66.0,Male,1985
929561,8,9,Good,,2-3 times a month,187.0,82.0,Male,1997
929587,8,7,Bad,,Once a week,163.0,78.0,Female,1958
929600,8,9,Fair,20.0,Every day,174.0,82.0,Male,1943
929626,7,7,Very good,,Once a month,193.0,72.0,Male,1987
929642,8,8,Good,,2-3 times a month,184.0,71.0,Female,1998
929668,5,7,Fair,,2-3 times a month,178.0,,Female,1970
929676,9,8,Good,,Every day,180.0,72.0,Male,1939
929684,8,8,Good,17.0,Every day,185.0,72.0,Male,1931
929692,5,7,Very good,15.0,2-3 times a month,193.0,83.0,Male,1986
929707,5,8,Fair,,Less than once a month,180.0,96.0,Male,1947
929749,9,8,Good,,2-3 times a month,170.0,85.0,Male,1969
929757,4,8,Good,20.0,Less than once a month,168.0,80.0,Male,1969
929781,6,8,Good,,Less than once a month,162.0,87.0,Female,1938
929799,7,8,Very good,,Every day,197.0,110.0,Male,1953
929854,7,8,Very good,10.0,Once a week,176.0,71.0,Male,1992
929862,9,9,Good,,Several times a week,175.0,82.0,Male,1952
929870,9,Extremely happy,Very good,,Less than once a month,163.0,69.0,Female,1947
929919,6,Extremely happy,Good,,Several times a week,173.0,66.0,Female,1940
929951,8,9,Very good,,Once a week,177.0,66.0,Female,1976
929977,4,8,Very good,15.0,2-3 times a month,175.0,75.0,Male,1985
929985,7,8,Good,0.0,Several times a week,172.0,76.0,Female,1969
929993,8,Extremely happy,Very good,,Once a month,184.0,73.0,Male,1997
930023,5,5,Fair,,Every day,185.0,67.0,Male,1946
930049,7,9,Good,,Once a month,175.0,64.0,Female,1997
930057,8,Extremely happy,Very good,,Several times a week,173.0,58.0,Female,1968
930104,5,9,Bad,20.0,Several times a week,181.0,85.0,Male,1946
930112,8,9,Very good,,Once a week,194.0,71.0,Male,1963
930154,4,7,Good,6.0,Once a month,182.0,81.0,Male,1988
930170,7,Extremely happy,Very good,9.0,Less than once a month,195.0,120.0,Male,1982
930196,7,7,Good,,2-3 times a month,175.0,56.0,Male,1941
930219,8,Extremely happy,Good,,Once a week,179.0,83.0,Male,1962
930227,7,8,Very good,0.0,2-3 times a month,170.0,73.0,Female,1973
930285,4,6,Fair,,Several times a week,177.0,76.0,Male,1977
930293,You can't be too careful,4,Bad,10.0,Every day,160.0,42.0,Female,1945
930316,4,1,Bad,10.0,Every day,174.0,75.0,Male,1947
930324,5,7,Very good,,Every day,168.0,85.0,Male,1941
930332,8,9,Good,,Once a week,178.0,89.0,Male,1985
930374,9,9,Very good,,Several times a week,158.0,61.0,Female,1964
930382,4,6,Fair,,Never,175.0,90.0,Female,1983
930413,5,6,Very good,,Several times a week,164.0,53.0,Female,1973
930439,7,8,Very good,1.0,Once a week,182.0,75.0,Male,1980
930497,7,8,Good,,2-3 times a month,175.0,76.0,Female,1987
930510,8,8,Good,,Every day,190.0,103.0,Male,1960
930528,5,8,Very good,,Several times a week,178.0,72.0,Male,1978
930578,7,9,Good,,Once a month,166.0,71.0,Female,1952
930594,7,Extremely happy,Very good,,2-3 times a month,176.0,114.0,Female,1965
930625,7,8,Good,,Once a week,161.0,68.0,Female,1986
930633,3,8,Very good,,Less than once a month,160.0,60.0,Female,1979
930659,8,7,Good,4.0,Less than once a month,176.0,80.0,Female,1969
930667,5,Extremely happy,Good,,Once a week,170.0,70.0,Male,1932
930714,8,9,Good,,Less than once a month,169.0,66.0,Female,1977
930730,Most people can be trusted,9,Good,,Several times a week,160.0,84.0,Female,1974
930772,6,7,Very bad,3.0,2-3 times a month,168.0,40.0,Female,1957
930780,7,9,Very good,,Once a week,204.0,112.0,Male,1983
930811,8,Extremely happy,Very good,,Several times a week,175.0,95.0,Male,1937
930829,7,9,Bad,,Once a week,185.0,116.0,Male,1958
930845,7,9,Good,,Once a month,174.0,96.0,Male,1976
930853,5,8,Fair,,2-3 times a month,168.0,69.0,Female,1947
930879,7,9,Fair,,Several times a week,182.0,82.0,Male,1965
930887,8,8,Good,,2-3 times a month,192.0,84.0,Male,1979
930926,8,Extremely happy,Good,,Several times a week,174.0,83.0,Male,1948
930942,8,Extremely happy,Fair,,Several times a week,163.0,55.0,Female,1950
930968,8,8,Good,,Once a week,168.0,60.0,Female,1964
930976,5,Extremely happy,Good,,Less than once a month,163.0,56.0,Female,1995
930984,6,Extremely happy,Very good,,Once a week,163.0,69.0,Female,1973
930992,9,9,Very good,,Several times a week,177.0,84.0,Male,1975
931003,8,7,Good,,Once a week,168.0,74.0,Male,1980
931011,6,6,Good,,Never,184.0,78.0,Male,1978
931029,5,7,Good,15.0,Less than once a month,190.0,84.0,Male,1959
931037,9,5,Good,10.0,2-3 times a month,180.0,86.0,Male,1961
931087,9,9,Good,,Once a week,165.0,71.0,Female,1989
931095,2,6,Bad,,2-3 times a month,167.0,86.0,Female,1949
931118,8,7,Good,4.0,Several times a week,177.0,63.0,Female,1967
931126,8,Extremely happy,Very good,,Less than once a month,162.0,81.0,Female,1961
931134,7,6,Bad,,Never,159.0,75.0,Female,1936
931142,8,9,Fair,,Once a month,168.0,65.0,Female,1939
931150,8,9,Very good,,Once a week,187.0,86.0,Male,1985
931192,9,Extremely happy,Very good,,Several times a week,162.0,64.0,Female,1953
931207,6,7,Fair,,Once a month,180.0,79.0,Male,1989
931249,3,8,Very good,,Several times a week,176.0,66.0,Male,1975
931281,5,7,Good,,2-3 times a month,186.0,83.0,Male,1988
931299,7,6,Good,15.0,Once a month,183.0,88.0,Male,1991
931304,8,9,Good,,2-3 times a month,163.0,54.0,Female,1970
931320,7,8,Very good,20.0,Once a week,185.0,81.0,Male,1974
931338,8,8,Good,,Several times a week,175.0,53.0,Female,1965
931354,6,8,Good,0.0,Once a week,165.0,54.0,Male,1998
931370,7,7,Fair,,Several times a week,162.0,84.0,Female,1939
931396,5,8,Good,,Several times a week,167.0,50.0,Female,1930
931419,7,Extremely happy,Good,4.0,Every day,175.0,72.0,Male,1951
931435,8,9,Very good,,Once a week,181.0,70.0,Male,1976
931443,5,Extremely happy,Good,,Several times a week,185.0,66.0,Male,1990
931469,Most people can be trusted,9,Good,,Less than once a month,168.0,75.0,Female,1953
931493,5,6,Bad,20.0,Less than once a month,167.0,98.0,Male,1946
931540,8,9,Good,,2-3 times a month,164.0,56.0,Female,1971
931566,Most people can be trusted,9,Fair,9.0,Every day,160.0,47.0,Female,1946
931574,7,Extremely happy,Fair,,Once a week,166.0,67.0,Male,1938
931605,1,,,,,,,Male,1936
931621,8,Extremely happy,Good,,2-3 times a month,162.0,86.0,Female,1938
931639,Most people can be trusted,8,Fair,,Once a week,178.0,67.0,Female,1966
931647,7,8,Good,10.0,2-3 times a month,170.0,70.0,Female,1987
931663,8,8,Very good,,Less than once a month,184.0,80.0,Male,1965
931689,9,9,Good,15.0,Once a month,186.0,85.0,Male,1972
931697,8,9,Very good,,2-3 times a month,150.0,52.0,Female,1946
931728,5,3,Very good,1.0,Never,179.0,56.0,Male,1983
931736,9,Extremely happy,Very good,,Once a week,175.0,80.0,Female,1965
931744,7,7,Fair,10.0,Every day,172.0,57.0,Female,1953
931794,5,Extremely happy,Very good,,,,,Male,1990
931817,5,Extremely happy,Good,,Several times a week,167.0,65.0,Female,1945
931825,7,9,Very good,,Once a month,173.0,74.0,Male,1994
931833,8,9,Very good,,Once a week,184.0,70.0,Female,1993
931841,7,7,Very good,10.0,Several times a week,187.0,85.0,Male,1992
931867,5,9,Very good,5.0,Once a month,168.0,58.0,Female,1994
931906,5,Extremely happy,Very good,0.0,Never,179.0,62.0,Male,1938
931930,5,Extremely happy,Very good,,Several times a week,162.0,65.0,Female,1949
931948,7,8,Very good,,Several times a week,176.0,72.0,Male,1949
931964,8,Extremely happy,Very good,,Less than once a month,165.0,60.0,Female,1984
932025,1,8,Good,,Several times a week,170.0,80.0,Female,1944
932033,5,9,Very good,,2-3 times a month,157.0,78.0,Female,1968
932041,7,9,Very good,,2-3 times a month,179.0,84.0,Male,1954
932059,4,5,Good,7.0,2-3 times a month,160.0,61.0,Female,1983
932067,5,6,Fair,,Never,188.0,137.0,Male,1966
932083,7,Extremely happy,Good,,Every day,160.0,44.0,Female,1934
932091,6,9,Very good,,Several times a week,178.0,82.0,Male,1985
932106,8,9,Good,,Less than once a month,170.0,,Female,1975
932130,2,9,Good,,Several times a week,178.0,77.0,Male,1971
932148,8,9,Very good,,Several times a week,167.0,51.0,Female,1944
932156,3,2,Very good,,Never,173.0,74.0,Female,1969
932180,8,7,Very good,,Once a month,187.0,70.0,Male,1989
932229,8,Extremely happy,Very good,20.0,Less than once a month,187.0,75.0,Male,1993
932237,8,8,Good,,Several times a week,176.0,82.0,Male,1946
932245,9,8,Good,,Every day,174.0,76.0,Male,1956
932253,8,7,Very good,,Several times a week,170.0,57.0,Female,1971
932261,7,Extremely happy,Very good,,2-3 times a month,180.0,85.0,Male,1996
932287,9,9,Good,,Less than once a month,167.0,48.0,Female,1993
932318,You can't be too careful,9,Good,,2-3 times a month,180.0,77.0,Male,1965
932368,9,9,Good,,Several times a week,160.0,75.0,Female,1972
932407,3,9,Very good,,2-3 times a month,184.0,66.0,Male,1998
932481,5,8,Very good,12.0,Several times a week,180.0,75.0,Male,1985
932499,5,Extremely happy,Fair,,2-3 times a month,166.0,108.0,Female,1953
932504,8,8,Good,0.0,2-3 times a month,172.0,67.0,Male,1976
932512,8,7,Very good,,2-3 times a month,172.0,75.0,Female,1958
932520,5,8,Fair,,Every day,160.0,72.0,Female,1957
932538,7,9,Very good,,Once a week,175.0,69.0,Female,1949
932546,7,8,Bad,10.0,Several times a week,186.0,66.0,Male,1955
932562,8,Extremely happy,Very good,,Several times a week,167.0,78.0,Female,1955
932570,8,Extremely happy,Good,,Several times a week,160.0,56.0,Female,1949
932588,4,9,Very good,,Once a month,179.0,78.0,Male,1989
932596,9,Extremely happy,Very good,,Every day,158.0,48.0,Female,1960
932601,7,8,Good,20.0,Once a week,183.0,86.0,Male,1948
932643,8,Extremely happy,Very good,20.0,Less than once a month,177.0,80.0,Male,1991
932651,1,8,Very good,,2-3 times a month,187.0,79.0,Male,1997
932669,8,9,Good,,Several times a week,182.0,85.0,Female,1986
932677,Most people can be trusted,9,Very good,,Never,185.0,80.0,Male,1953
932685,3,3,Bad,,,165.0,55.0,Female,1925
932708,9,9,Good,,Several times a week,178.0,92.0,Male,1951
932716,3,8,Good,,Several times a week,166.0,71.0,Female,1940
932724,5,9,Good,,Once a week,167.0,66.0,Female,1951
932732,7,8,Fair,,2-3 times a month,174.0,88.0,Female,1968
932758,9,8,Good,,Once a week,165.0,51.0,Female,1926
932766,8,3,Bad,2.0,Once a month,188.0,70.0,Male,1987
932774,8,7,Good,,Several times a week,155.0,77.0,Female,1960
932855,3,9,Very good,,Less than once a month,160.0,50.0,Female,1999
932871,2,5,Fair,2.0,Several times a week,175.0,68.0,Male,1942
932889,9,8,Good,,2-3 times a month,175.0,,Female,1968
932897,You can't be too careful,7,Fair,10.0,Several times a week,187.0,110.0,Male,1993
932902,8,9,Fair,,Once a week,173.0,63.0,Male,1931
932910,8,8,Good,,Several times a week,180.0,66.0,Female,1956
932928,6,8,Very good,,Every day,185.0,94.0,Male,1950
932978,5,7,Fair,,Less than once a month,163.0,62.0,Female,1971
933005,7,Extremely happy,Very good,,Once a week,167.0,75.0,Female,1956
933013,8,8,Good,,Less than once a month,191.0,97.0,Male,1972
933021,9,8,Good,,Once a week,160.0,57.0,Female,1948
933039,8,8,Very good,,Once a month,172.0,72.0,Male,1965
933071,8,Extremely happy,Fair,,Once a month,200.0,120.0,Male,1980
933097,8,8,Good,,Once a week,172.0,77.0,Male,1972
933110,3,9,Good,20.0,2-3 times a month,193.0,94.0,Male,1988
933128,8,8,Fair,20.0,Once a week,174.0,71.0,Male,1949
933144,8,9,Good,,2-3 times a month,190.0,72.0,Male,1993
933160,8,8,Good,,Every day,184.0,86.0,Male,1960
933178,9,7,Fair,20.0,Several times a week,187.0,93.0,Male,1951
933186,5,8,Very good,,Never,162.0,58.0,Female,1968
933209,9,Extremely happy,Good,,Every day,182.0,75.0,Male,1992
933233,8,9,Good,,Once a week,182.0,70.0,Male,1994
933259,9,8,Good,,Once a week,172.0,75.0,Male,1955
933275,8,8,Fair,,2-3 times a month,171.0,72.0,Female,1938
933291,Most people can be trusted,Extremely happy,Good,,Never,161.0,53.0,Male,1953
933322,8,7,Good,,Less than once a month,180.0,74.0,Male,1965
933348,7,9,Good,,Once a week,173.0,80.0,Male,1995
933372,7,9,Good,,Once a week,178.0,88.0,Male,1971
933398,7,8,Fair,15.0,Never,169.0,70.0,Male,1985
933403,8,Extremely happy,Very good,10.0,2-3 times a month,158.0,52.0,Female,1967
933429,8,9,Fair,,2-3 times a month,166.0,65.0,Female,1953
933445,8,7,Good,,Once a week,183.0,85.0,Male,1989
933461,8,8,Good,,Never,161.0,58.0,Female,1944
933487,5,8,Very good,,Several times a week,167.0,80.0,Female,1929
933518,5,7,Good,20.0,Once a month,169.0,80.0,Female,1985
933542,You can't be too careful,,,,,,,Female,1978
933607,3,9,Very good,,Never,174.0,72.0,Female,1958
933623,4,Extremely happy,Very good,,2-3 times a month,183.0,77.0,Female,1958
933649,8,8,Very good,5.0,Once a week,164.0,57.0,Female,1945
933657,8,6,Fair,,Several times a week,173.0,108.0,Female,1969
933673,1,Extremely happy,Very good,12.0,Once a week,162.0,48.0,Female,1922
933704,9,9,Very good,,Several times a week,167.0,62.0,Female,1959
933712,9,8,Very good,,Several times a week,187.0,86.0,Male,1965
933738,8,9,Very good,,Several times a week,165.0,66.0,Female,1963
933835,7,9,Good,30.0,Once a week,176.0,85.0,Male,1973
933869,7,8,Fair,10.0,Once a month,176.0,65.0,Male,1990
933893,9,8,Very good,,Once a week,182.0,70.0,Male,1990
933908,3,8,Very good,,Several times a week,184.0,108.0,Male,1961
933916,8,8,Good,20.0,Every day,165.0,57.0,Male,1965
933924,Most people can be trusted,9,Very good,10.0,Less than once a month,174.0,80.0,Female,1974
933940,8,9,Very good,,2-3 times a month,185.0,75.0,Male,1945
933974,4,8,Good,,Less than once a month,168.0,81.0,Female,1998
933990,9,9,Good,,Less than once a month,155.0,77.5,Female,1942
934001,8,Extremely happy,Fair,,2-3 times a month,184.0,82.0,Male,1979
934035,8,9,Fair,,Every day,180.0,89.0,Male,1941
934069,8,8,Good,,Several times a week,157.0,92.0,Female,1987
934077,3,8,Bad,,Less than once a month,173.0,72.0,Female,1962
934093,4,8,Fair,10.0,Never,162.0,60.0,Female,1996
934108,6,6,Fair,,Once a week,180.0,81.0,Male,1971
934124,8,9,Very good,,Once a month,160.0,70.0,Female,1947
934158,6,8,Fair,12.0,2-3 times a month,187.0,86.0,Male,1966
934190,7,8,Good,,Less than once a month,169.0,75.0,Female,1990
934247,9,Extremely happy,Bad,20.0,Never,162.0,90.0,Female,1954
934255,8,7,Good,,Once a week,170.0,80.0,Male,1931
934263,8,9,Good,,Every day,181.0,96.0,Male,1967
934289,9,Extremely happy,Very good,,Every day,178.0,61.0,Female,1948
934302,8,7,Good,,Less than once a month,180.0,85.0,Female,1977
934344,You can't be too careful,Extremely happy,Very good,20.0,Every day,180.0,80.0,Male,1960
934352,9,9,Very good,,2-3 times a month,182.0,70.0,Male,1985
934360,2,5,Very good,,Less than once a month,160.0,75.0,Female,1930
934386,6,9,Very good,7.0,Every day,165.0,59.0,Female,1964
934433,8,8,Very good,4.0,Several times a week,170.0,76.0,Male,1953
934467,8,8,Good,,2-3 times a month,179.0,72.0,Female,1973
934475,8,8,Very good,,Several times a week,178.0,84.0,Male,1985
934483,8,7,Fair,,Once a month,160.0,57.0,Female,1940
934491,9,8,Very good,,Several times a week,160.0,60.0,Female,1967
934522,8,9,Very good,,Every day,182.0,98.0,Male,1944
934548,9,9,Good,,2-3 times a month,168.0,88.2,Female,1971
934556,6,8,Good,1.0,Once a month,167.0,63.0,Male,1990
934564,5,8,Very bad,10.0,Never,164.0,52.0,Male,1962
934611,8,Extremely happy,Good,4.0,Several times a week,166.0,88.0,Male,1970
934629,4,Extremely happy,Very good,,2-3 times a month,178.0,94.0,Male,1968
934637,8,Extremely happy,Very good,,Every day,182.0,77.0,Male,1944
934645,8,6,Fair,8.0,Once a month,169.0,65.0,Female,1948
934653,8,7,Very good,,Once a month,163.0,57.0,Female,1977
934661,5,9,Very good,,Several times a week,183.0,83.0,Male,1985
934695,7,9,Fair,,Once a week,162.0,62.0,Female,1919
934700,5,Extremely happy,Good,,Several times a week,182.0,66.0,Male,1945
934726,4,Extremely happy,Very good,,Never,160.0,77.0,Female,1947
934750,5,9,Very good,,Less than once a month,170.0,69.0,Male,1942
934784,5,8,Very good,5.0,Every day,174.0,90.0,Male,1985
934807,7,6,Fair,,Several times a week,188.0,112.0,Male,1975
934831,7,Extremely happy,Good,,Several times a week,177.0,85.0,Male,1951
934865,1,7,Very bad,,Never,168.0,56.0,Female,1986
934873,8,7,Good,,Never,170.0,75.0,Male,1973
934881,Most people can be trusted,9,Fair,,Several times a week,166.0,76.0,Female,1951
934904,9,Extremely happy,Very good,,Every day,165.0,77.0,Male,1923
934912,5,8,Fair,0.0,2-3 times a month,180.0,88.0,Male,1963
934938,8,9,Good,,Several times a week,166.0,75.0,Female,1964
934954,Most people can be trusted,7,Good,,Several times a week,170.0,68.0,Female,1965
934962,6,7,Good,,2-3 times a month,169.0,58.0,Female,1976
934970,8,9,Good,15.0,Several times a week,176.0,77.0,Female,1954
934988,7,8,Fair,5.0,Never,176.0,68.0,Female,1969
934996,8,Extremely happy,Good,,2-3 times a month,153.0,55.0,Male,1993
935007,9,8,Good,15.0,2-3 times a month,180.0,78.0,Male,1953
935057,8,8,Very good,20.0,Less than once a month,173.0,73.0,Male,1969
935099,8,8,Very good,,Every day,164.0,68.0,Female,1926
935104,5,Extremely happy,Very good,,Every day,172.0,84.0,Female,1960
935112,3,6,Good,,Several times a week,178.0,81.0,Male,1958
935138,3,8,Fair,,Several times a week,176.0,80.0,Male,1956
935170,3,Extremely happy,Bad,30.0,Never,189.0,87.0,Male,1976
935235,5,9,Good,,Less than once a month,164.0,67.0,Female,1981
935251,6,7,Good,,Once a week,190.0,93.0,Male,1991
935269,3,6,Fair,8.0,Every day,164.0,52.0,Female,1936
935285,8,Extremely happy,Very good,,Every day,180.0,70.0,Male,1923
935316,7,Extremely happy,Very good,,Several times a week,172.0,63.0,Male,1978
935332,8,8,Very good,,Once a month,175.0,61.0,Female,1992
935340,7,9,Very good,,Once a week,193.0,72.0,Male,1997
935382,5,8,Very good,15.0,Never,160.0,63.0,Female,1955
935405,9,9,Good,,2-3 times a month,163.0,66.0,Female,1938
935439,8,9,Fair,,Once a month,159.0,80.0,Female,1923
935463,4,9,Fair,,Less than once a month,165.0,,Female,1985
935489,9,6,Good,,Several times a week,173.0,70.0,Male,1988
935502,9,8,Very good,20.0,Several times a week,179.0,82.0,Male,1971
935536,7,9,Very good,,Once a month,182.0,92.0,Male,1976
935560,5,8,Very good,,Never,173.0,90.0,Female,1981
935586,4,4,Fair,10.0,2-3 times a month,175.0,63.0,Male,1961
935594,4,8,Very good,,2-3 times a month,187.0,79.0,Male,1997
935609,8,8,Good,,Less than once a month,170.0,66.0,Male,1978
935633,8,9,Very good,,Several times a week,163.0,63.0,Female,1962
935641,8,9,Very good,,Several times a week,186.0,88.0,Male,1958
935659,Most people can be trusted,9,Very good,,Never,165.0,80.0,Female,1979
935667,9,7,Fair,20.0,Once a week,184.0,80.0,Male,1966
935706,8,9,Very good,,Once a week,170.0,82.5,Male,1965
935714,7,8,Bad,,Once a month,180.0,60.0,Male,1997
935764,5,8,Very good,,Less than once a month,156.0,54.0,Female,1980
935780,5,9,Very good,,Once a week,169.0,70.0,Female,1975
935811,5,9,Good,8.0,2-3 times a month,174.0,69.0,Female,1974
935829,8,9,Good,,2-3 times a month,175.0,60.0,Female,1980
935845,7,Extremely happy,Very good,,Less than once a month,167.0,92.0,Female,1980
935853,8,8,Good,,2-3 times a month,173.0,95.0,Male,1945
935879,7,8,Very good,,Several times a week,173.0,69.0,Male,1984
935887,7,9,Very good,1.0,Less than once a month,173.0,68.0,Female,1969
935895,7,9,Good,,Several times a week,168.0,90.0,Female,1969
935934,7,5,Fair,2.0,Several times a week,188.0,74.0,Male,1994
935950,8,8,Good,,Once a week,162.0,74.0,Female,1949
935968,9,Extremely happy,Very good,,Several times a week,185.0,90.0,Male,1955
935976,7,8,Good,0.0,Never,165.0,67.0,Female,1926
935984,8,7,Good,20.0,Several times a week,183.0,81.0,Male,1972
936003,3,9,Very good,,Once a week,175.0,95.0,Male,1947
936011,7,9,Good,,Several times a week,162.0,69.0,Female,1942
936037,8,3,Bad,,Never,187.0,84.0,Male,1968
936053,8,9,Good,3.0,Several times a week,183.0,94.0,Male,1979
936079,5,7,Fair,,2-3 times a month,172.0,85.0,Female,1962
936087,8,7,Good,,Several times a week,177.0,61.0,Female,1973
936095,7,8,Very good,,2-3 times a month,188.0,66.0,Male,1978
936100,8,Extremely happy,Very good,,Less than once a month,160.0,62.0,Female,1983
936118,Most people can be trusted,9,Very good,,Several times a week,170.0,82.0,Female,1971
936134,7,9,Good,,Less than once a month,160.0,55.0,Female,1998
936150,8,9,Very good,,Several times a week,182.0,73.0,Male,1955
936184,9,9,Good,,Several times a week,183.0,83.0,Male,1968
936207,8,8,Good,,Once a month,168.0,63.0,Female,1984
936249,4,3,Bad,,Less than once a month,189.0,107.0,Male,1964
936265,7,8,Good,,Less than once a month,179.0,80.0,Male,1965
936273,7,7,Very good,,Several times a week,176.0,70.0,Female,1966
936281,7,7,Good,,Several times a week,,,Male,1992
936299,8,9,Very good,8.0,Several times a week,172.0,73.0,Female,1965
936312,3,Extremely happy,Fair,,Several times a week,162.0,64.0,Female,1951
936320,6,Extremely happy,Very good,20.0,Less than once a month,175.0,74.0,Male,1983
936346,6,9,Very good,,Once a month,186.0,80.0,Male,1993
936362,8,9,Good,,Every day,174.0,72.0,Male,1945
936370,8,Extremely happy,Fair,,Several times a week,167.0,72.0,Female,1950
936396,8,8,Fair,10.0,Once a week,168.0,78.0,Female,1963
936427,8,Extremely happy,Very good,,2-3 times a month,164.0,61.0,Female,1948
936435,8,Extremely happy,Good,,Never,163.0,75.0,Female,1945
936443,7,8,Very good,7.0,Several times a week,173.0,72.0,Female,1991
936485,7,7,Bad,,Once a week,184.0,98.0,Male,1963
936516,8,9,Good,,Several times a week,172.0,66.0,Female,1961
936540,6,Extremely happy,Very good,,Several times a week,182.0,88.0,Male,1959
936558,8,3,Bad,40.0,Every day,180.0,63.0,Male,1977
936566,9,9,Good,,Once a week,164.0,62.0,Female,1975
936574,9,8,Good,,Once a week,162.0,64.0,Female,1965
936590,7,9,Very good,25.0,Every day,179.0,85.0,Male,1954
936621,8,9,Very good,15.0,Several times a week,163.0,70.0,Female,1968
936655,5,Extremely happy,Good,,Less than once a month,170.0,68.0,Female,1997
936663,7,7,Good,2.0,Once a week,180.0,92.0,Male,1977
936697,8,8,Fair,,Several times a week,172.0,80.0,Male,1950
936702,8,9,Good,,Every day,165.0,53.0,Female,1958
936710,9,Extremely happy,Very good,,Once a month,172.0,60.0,Female,1954
936728,8,9,Very good,,Once a week,183.0,91.0,Male,1969
936736,8,8,Fair,,Every day,172.0,63.0,Female,1941
936744,5,Extremely happy,Good,12.0,Several times a week,163.0,58.0,Male,1988
936752,5,9,Good,20.0,Never,168.0,65.0,Female,1960
936760,8,7,Good,,2-3 times a month,168.0,57.0,Female,1989
936778,7,6,Good,15.0,Several times a week,174.0,82.0,Male,1960
936794,5,8,Good,,2-3 times a month,185.0,83.0,Male,1947
936825,7,Extremely happy,Very good,,Once a week,179.0,70.0,Male,1999
936859,5,8,Very good,,Every day,183.0,106.0,Male,1946
936883,5,8,Good,,2-3 times a month,163.0,64.0,Female,1945
936906,6,8,Good,10.0,Every day,178.0,77.0,Male,1953
936922,8,9,Very good,,Several times a week,166.0,61.0,Female,1949
936948,4,Extremely happy,Good,,Less than once a month,186.0,125.0,Male,1982
936956,7,8,Fair,,Once a month,179.0,90.0,Male,1941
936964,8,9,Very good,0.0,Several times a week,178.0,88.0,Male,1947
936980,7,8,Good,,Once a month,170.0,80.0,Male,1967
936998,7,7,Good,,Never,176.0,70.0,Male,1976
937009,7,9,Good,,Once a week,173.0,96.0,Male,1964
937017,8,9,Very good,,Every day,164.0,78.0,Female,1950
937041,2,9,Fair,2.0,Once a week,160.0,71.0,Female,1981
937059,4,8,Very good,19.0,Never,184.0,64.0,Male,1990
937083,4,9,Very good,,Several times a week,185.0,80.0,Male,1972
937106,7,8,Fair,17.0,Less than once a month,168.0,68.0,Male,1994
937114,8,8,Very good,,Once a month,172.0,61.0,Female,1981
937148,5,8,Fair,,Once a week,169.0,120.0,Female,1959
937172,8,9,Very good,2.0,Several times a week,168.0,60.0,Female,1982
937180,8,8,Good,,Several times a week,170.0,82.0,Female,1971
937198,4,Extremely happy,Very good,10.0,Less than once a month,164.0,60.0,Female,1993
937245,8,9,Good,,2-3 times a month,165.0,65.0,Female,1963
937253,8,9,Good,,Several times a week,173.0,90.0,Female,1950
937261,You can't be too careful,9,Good,,Less than once a month,180.0,75.0,Female,1981
937318,8,9,Good,,Never,164.0,59.0,Female,1959
937342,5,5,Very good,4.0,Several times a week,175.0,83.0,Male,1943
937368,4,Extremely happy,Fair,,Every day,162.0,104.0,Male,1948
937376,7,9,Good,,Several times a week,178.0,78.0,Male,1945
937384,8,8,Good,,2-3 times a month,183.0,89.0,Male,1975
937392,7,9,Very good,,Several times a week,170.0,80.0,Male,1955
937415,8,9,Very good,,Once a week,194.0,79.0,Male,1995
937423,8,8,Good,,Less than once a month,180.0,76.0,Female,1964
937431,7,9,Very good,,Once a week,183.0,88.0,Male,1955
937449,8,8,Good,,2-3 times a month,182.0,92.0,Male,1974
937465,4,8,Very good,20.0,Every day,168.0,64.0,Male,1968
937499,8,9,Fair,,Once a week,162.0,,Female,1968
937504,Most people can be trusted,Extremely happy,Very good,,Less than once a month,157.0,,Female,1937
937538,6,6,Fair,15.0,Once a week,173.0,59.0,Female,1995
937546,8,8,Good,,Several times a week,170.0,75.0,Male,1947
937554,5,Extremely happy,Very good,6.0,Once a week,172.0,68.0,Female,1978
937562,7,7,Very good,,Once a week,167.0,82.0,Female,1946
937596,7,7,Good,,Once a month,168.0,58.0,Female,1980
937619,7,8,Good,,Several times a week,158.0,58.0,Female,1956
937627,7,9,Very good,,Once a month,180.0,85.0,Male,1969
937643,9,8,Fair,,Once a month,164.0,70.0,Female,1960
937677,8,Extremely happy,Good,,Every day,175.0,67.0,Male,1925
937716,8,9,Good,8.0,Once a week,170.0,78.0,Female,1943
937758,7,8,Very good,,Several times a week,174.0,73.0,Male,1961
937774,7,9,Good,,Once a week,163.0,58.0,Female,1976
937782,8,9,Good,,Several times a week,186.0,96.0,Male,1959
937805,7,8,Good,15.0,Several times a week,167.0,70.0,Female,1959
937813,5,8,Very good,,Several times a week,183.0,92.0,Male,1975
937821,3,5,Fair,,2-3 times a month,178.0,110.0,Male,1953
937839,Most people can be trusted,Extremely happy,Very good,,Once a week,174.0,94.0,Male,1957
937863,8,8,Very good,,Several times a week,187.0,66.0,Male,1967
937910,4,7,Good,20.0,Once a week,180.0,80.0,Male,1963
937928,8,9,Good,,Once a week,158.0,59.0,Female,1953
937952,8,8,Fair,,Less than once a month,165.0,111.0,Female,1973
937960,8,9,Good,,Once a month,179.0,82.0,Female,1954
938005,9,9,Very good,,Once a week,177.0,73.0,Female,1988
938013,6,8,Fair,,Never,168.0,70.0,Female,1968
938039,9,7,Very good,1.0,Several times a week,187.0,84.0,Male,1973
938047,8,9,Fair,,Never,178.0,66.0,Male,1956
938055,8,Extremely happy,Very good,,Less than once a month,172.0,72.0,Female,1979
938063,7,8,Very good,,Several times a week,180.0,80.0,Male,1944
938071,7,Extremely happy,Good,,Once a week,173.0,85.0,Female,1962
938102,5,Extremely happy,Very good,,Once a week,178.0,93.0,Male,1963
938110,8,9,Fair,15.0,Never,167.0,52.0,Male,1946
938128,5,8,Fair,,Once a week,172.0,81.0,Male,1946
938136,3,9,Very good,,Less than once a month,176.0,80.0,Female,1985
938160,7,8,Good,20.0,Every day,178.0,125.0,Male,1960
938178,5,8,Good,12.0,Less than once a month,161.0,106.0,Female,1991
938194,6,Extremely happy,Fair,,2-3 times a month,172.0,60.0,Male,1926
938225,8,Extremely happy,Very good,,Once a month,168.0,55.0,Female,1999
938241,6,5,Fair,20.0,Once a week,168.0,68.0,Female,1961
938259,9,9,Very good,,Several times a week,176.0,61.0,Female,1964
938283,7,8,Good,,Once a month,171.0,62.0,Female,1992
938348,Most people can be trusted,7,Good,,Several times a week,168.0,70.0,Female,1973
938356,6,Extremely happy,Very good,,Less than once a month,192.0,90.0,Male,1975
938364,7,Extremely happy,Very good,,2-3 times a month,185.0,90.0,Male,1985
938372,8,8,Very good,8.0,Once a week,170.0,55.0,Female,1953
938380,6,8,Good,,Less than once a month,176.0,55.0,Female,1998
938398,7,9,Very good,,Several times a week,190.0,94.0,Male,1968
938411,4,Extremely happy,Good,3.0,Once a month,163.0,65.0,Female,1943
938437,6,8,Good,,Once a month,168.0,50.0,Male,1998
938453,8,Extremely happy,Good,,Once a week,180.0,97.0,Male,1943
938461,8,8,Fair,,Less than once a month,189.0,80.0,Male,1973
938479,8,3,Fair,,Several times a week,188.0,90.0,Male,1965
938487,5,8,Fair,,2-3 times a month,170.0,68.0,Male,1933
938495,8,8,Good,,Several times a week,178.0,99.0,Male,1945
938534,6,Extremely happy,Very good,,Less than once a month,190.0,67.0,Male,1998
938542,9,9,Very good,,Once a month,173.0,83.0,Male,1976
938550,8,9,Fair,,Once a week,178.0,85.0,Female,1979
938607,6,9,Very good,,Once a week,190.0,85.0,Male,1990
938615,8,3,Fair,,Less than once a month,160.0,63.0,Female,1991
938623,9,9,Good,,Once a week,176.0,70.0,Male,1991
938631,7,8,Very good,,2-3 times a month,167.0,62.0,Female,1959
938657,7,9,Good,,Less than once a month,162.0,65.0,Female,1983
938665,4,8,Very good,,2-3 times a month,173.0,65.0,Female,1996
938681,8,7,Good,,Once a month,162.0,51.0,Female,1991
938699,8,Extremely happy,Good,,Several times a week,176.0,64.0,Male,1933
938704,Most people can be trusted,8,Fair,,Once a month,164.0,92.0,Female,1965
938720,8,9,Fair,,Every day,165.0,70.0,Female,1965
938788,4,8,Good,,Several times a week,172.0,82.0,Male,1970
938843,8,7,Very good,,Once a month,170.0,64.0,Female,1978
938851,5,8,Fair,10.0,2-3 times a month,168.0,52.0,Female,1992
938885,8,7,Fair,20.0,Several times a week,172.0,72.0,Male,1953
938908,7,8,Very good,,2-3 times a month,180.0,56.0,Male,1999
938916,7,8,Very good,,Several times a week,183.0,104.0,Male,1956
938932,7,7,Good,,Once a week,172.0,64.0,Female,1980
938940,7,8,Good,,2-3 times a month,184.0,68.0,Female,1997
938958,9,9,Very good,,Once a week,182.0,71.0,Male,1987
938966,8,Extremely happy,Very good,,Every day,169.0,70.0,Male,1943
938974,7,7,Good,,Less than once a month,165.0,68.0,Female,1975
939001,8,8,Very good,,Once a week,184.0,80.0,Male,1974
939019,5,8,Good,3.0,Once a week,182.0,90.0,Male,1980
939051,8,9,Very good,,Once a month,163.0,62.0,Female,1966
939093,5,8,Fair,15.0,Once a month,165.0,89.0,Female,1934
939116,7,7,Very good,12.0,Once a month,169.0,113.0,Female,1981
939124,3,Extremely happy,Good,,Less than once a month,172.0,51.0,Female,1943
939132,9,9,Good,,Several times a week,170.0,64.0,Female,1960
939140,8,7,Good,,2-3 times a month,186.0,110.0,Male,1989
939174,8,8,Very good,,Never,180.0,78.0,Male,1978
939182,8,9,Good,,Less than once a month,191.0,89.0,Male,1965
939190,8,7,Fair,,Once a week,168.0,56.0,Female,1934
939239,8,8,Good,10.0,Less than once a month,167.0,61.0,Female,1963
939271,7,7,Good,,Less than once a month,163.0,75.0,Female,1946
939297,7,Extremely happy,Very good,,Several times a week,164.0,65.0,Female,1939
939302,8,9,Fair,,Every day,160.0,51.0,Female,1914
939344,8,8,Fair,,Several times a week,176.0,73.0,Male,1944
939360,2,6,Good,,Once a week,172.0,59.0,Female,1991
939386,9,Extremely happy,Very good,,2-3 times a month,184.0,62.0,Male,1992
939433,9,Extremely happy,Very good,,Several times a week,187.0,85.0,Male,1948
939441,9,9,Very good,20.0,Several times a week,180.0,108.0,Male,1991
939459,8,6,Good,,2-3 times a month,181.0,111.0,Male,1966
939467,5,2,Fair,,Less than once a month,184.0,88.0,Male,1945
939483,7,9,Fair,,Less than once a month,156.0,63.0,Female,1979
939491,6,8,Very good,,Several times a week,181.0,73.0,Male,1998
939506,7,8,Fair,20.0,Never,180.0,110.0,Male,1986
939530,7,8,Bad,,Several times a week,149.0,56.0,Female,1983
939556,6,8,Good,,Once a week,188.0,126.0,Male,1985
939603,8,9,Good,,2-3 times a month,172.0,,Female,1963
939611,9,Extremely happy,Very good,,Several times a week,170.0,71.0,Male,1945
939629,7,7,Good,,Less than once a month,166.0,67.0,Female,1954
939637,9,7,Very good,,Once a month,169.0,70.0,Female,1996
939653,8,8,Good,,Several times a week,169.0,60.0,Female,1982
939661,8,8,Good,4.0,Several times a week,168.0,57.0,Female,1962
939700,9,9,Very good,,Once a week,179.0,78.0,Male,1973
939718,6,Extremely happy,Fair,,Once a month,158.0,67.0,Female,1936
939742,6,7,Bad,,Every day,176.0,71.0,Male,1947
939784,9,9,Very good,,Once a week,167.0,,Female,1956
939792,You can't be too careful,9,Fair,10.0,2-3 times a month,155.0,38.0,Female,1955
939807,7,8,Very good,,Once a month,163.0,62.0,Female,1954
939865,7,6,Fair,,2-3 times a month,179.0,53.0,Male,1997
939873,5,7,Very good,18.0,Less than once a month,172.0,95.0,Male,1989
939881,8,Extremely happy,Very good,,2-3 times a month,176.0,69.0,Female,1970
939899,7,9,Good,,Once a week,163.0,60.0,Female,1999
939904,Most people can be trusted,Extremely happy,Very good,,Every day,165.0,58.0,Female,1928
939920,Most people can be trusted,9,Good,,2-3 times a month,168.0,60.0,Female,1988
939938,8,9,Very good,,Less than once a month,169.0,62.0,Female,1978
939946,6,7,Fair,,Once a week,190.0,78.0,Male,1996
939970,7,9,Very good,,Several times a week,204.0,113.0,Male,1961
940026,8,7,Good,,Never,165.0,55.0,Female,1999
940034,4,9,Fair,,Several times a week,185.0,104.0,Male,1942
940042,8,8,Very good,,Several times a week,185.0,108.0,Male,1954
940050,7,Extremely happy,Very good,,Less than once a month,170.0,52.0,Female,1999
940076,7,9,Very good,,2-3 times a month,170.0,60.0,Female,1998
940084,9,Extremely happy,Good,,Never,171.0,72.0,Female,1980
940107,7,8,Good,4.0,2-3 times a month,180.0,74.0,Male,1995
940149,5,5,Fair,,Every day,173.0,73.0,Male,1956
940165,7,8,Good,,Once a week,164.0,68.0,Female,1938
940173,8,Extremely happy,Good,,Once a month,168.0,90.0,Male,1932
940199,8,8,Good,,Once a week,169.0,65.0,Female,1962
940246,7,9,Very good,,2-3 times a month,176.0,95.0,Female,1960
940254,6,8,Very good,,Once a week,176.0,75.0,Male,1987
940288,8,8,Very good,,Once a week,168.0,62.0,Female,1954
940296,7,8,Very good,,Once a week,175.0,68.0,Male,1980
940301,7,8,Good,,Once a week,180.0,79.0,Male,1957
940319,5,9,Good,,Once a week,165.0,70.0,Female,1976
940335,2,3,Good,,2-3 times a month,153.0,42.0,Female,1999
940343,8,8,Good,,Several times a week,180.0,87.0,Male,1967
940351,5,4,Bad,5.0,Never,163.0,,Female,1979
940369,8,8,Good,,Several times a week,190.0,77.0,Male,1949
940377,8,Extremely happy,Very bad,,Once a month,181.0,78.0,Male,1984
940385,4,9,Good,,Once a month,176.0,69.0,Female,1993
940416,7,9,Very good,6.0,2-3 times a month,195.0,93.0,Male,1994
940424,9,9,Fair,,Once a week,170.0,102.0,Female,1936
940440,7,Extremely happy,Good,1.0,2-3 times a month,194.0,112.0,Male,1996
940458,3,7,Fair,,Once a week,150.0,70.0,Female,1936
940466,6,8,Very good,,Once a week,185.0,78.0,Male,1987
940490,8,9,Very good,,2-3 times a month,185.0,90.0,Male,1992
940505,8,9,Fair,,Once a week,156.0,58.0,Female,1932
940539,7,9,Good,,Every day,177.0,80.0,Male,1933
940547,9,Extremely happy,Good,0.0,Several times a week,174.0,84.0,Male,1943
940571,8,9,Good,,Never,177.0,67.0,Male,1955
940628,3,6,Very bad,20.0,Once a week,174.0,98.0,Male,1977
940644,7,8,Good,,Never,164.0,60.0,Female,1964
940652,5,9,Fair,10.0,Less than once a month,163.0,68.0,Female,1954
940660,5,9,Fair,,2-3 times a month,167.0,85.0,Female,1951
940678,6,8,Bad,,Less than once a month,151.0,53.0,Female,1950
940686,6,8,Fair,,2-3 times a month,170.0,65.0,Female,1987
940694,8,8,Good,,Several times a week,183.0,95.0,Male,1977
940717,Most people can be trusted,8,Very good,,Several times a week,165.0,67.0,Female,1972
940725,8,Extremely happy,Very good,,Several times a week,158.0,70.0,Female,1954
940733,8,8,Good,,Once a month,185.0,89.0,Male,1976
940759,5,6,Fair,,2-3 times a month,165.0,51.0,Female,1998
940775,7,8,Good,,Every day,168.0,54.0,Female,1947
940783,8,7,Good,,Several times a week,196.0,135.0,Male,1954
940806,7,6,Very good,,Less than once a month,170.0,73.0,Female,1973
940822,8,7,Good,,Every day,174.0,73.0,Male,1944
940830,7,9,Good,,Several times a week,170.0,66.0,Female,1947
940848,7,9,Good,,Several times a week,168.0,72.0,Female,1947
940856,Most people can be trusted,Extremely happy,Very good,,Once a month,167.0,69.0,Female,1961
940864,4,9,Good,,Once a month,164.0,65.0,Female,1971
940880,8,6,Fair,12.0,Once a week,185.0,92.0,Male,1957
940898,5,Extremely happy,Good,,Every day,169.0,83.0,Male,1927
940903,9,Extremely happy,Fair,,Once a month,192.0,105.0,Male,1979
940945,6,8,Fair,,Once a month,179.0,90.0,Male,1969
940979,8,9,Fair,0.0,Several times a week,188.0,123.0,Male,1965
940987,Most people can be trusted,8,Very good,,Once a week,172.0,65.0,Female,1955
941014,5,8,Very good,,2-3 times a month,182.0,83.0,Male,1961
941030,8,8,Good,,Once a week,185.0,84.0,Male,1974
941103,2,1,Bad,10.0,Never,164.0,58.0,Female,1930
941129,3,6,Fair,12.0,Several times a week,177.0,72.0,Male,1993
941153,4,6,Good,,Once a week,197.0,62.0,Male,1951
941179,3,3,Very bad,12.0,Never,165.0,89.0,Female,1952
941195,8,9,Good,,2-3 times a month,161.0,65.0,Male,1992
941200,8,9,Good,,2-3 times a month,185.0,95.0,Male,1985
941226,8,8,Good,,Several times a week,182.0,88.0,Male,1957
941242,8,8,Very good,,Several times a week,182.0,89.0,Male,1948
941268,6,9,Good,,Once a week,160.0,72.0,Female,1970
941284,7,4,Fair,,Several times a week,175.0,65.0,Female,1952
941307,8,8,Very good,,Once a week,184.0,87.0,Male,1992
941323,7,8,Good,,Several times a week,169.0,67.0,Male,1945
941331,9,2,Fair,,2-3 times a month,172.0,68.0,Female,1984
941365,7,9,Fair,,Never,157.0,121.0,Female,1960
941373,5,Extremely happy,Good,8.0,2-3 times a month,190.0,70.0,Male,1992
941412,5,7,Fair,,Less than once a month,176.0,66.0,Female,1990
941420,8,Extremely happy,Fair,20.0,Once a week,159.0,53.0,Female,1945
941438,6,7,Very good,,Several times a week,177.0,70.0,Male,1958
941470,8,9,Good,1.0,Once a week,165.0,62.0,Female,1955
941501,6,Extremely happy,Good,10.0,Several times a week,176.0,64.0,Male,1937
941519,7,5,Bad,,Less than once a month,170.0,115.0,Female,1957
941535,3,9,Very good,,Once a week,169.0,52.0,Female,1988
941543,8,9,Good,,Once a week,178.0,75.0,Male,1975
941551,4,3,Bad,,Less than once a month,172.0,110.0,Male,1956
941569,9,Extremely happy,Fair,,Less than once a month,168.0,60.0,Female,1986
941577,7,8,Fair,,2-3 times a month,167.0,83.0,Female,1965
941585,4,9,Good,,Less than once a month,170.0,65.0,Female,1992
941608,7,8,Fair,,Once a month,168.0,85.0,Female,1963
941640,8,9,Very good,,Once a week,187.0,84.0,Male,1958
941674,7,Extremely happy,Very good,,Once a month,178.0,74.0,Male,1937
941721,9,Extremely happy,Good,,Once a week,156.0,58.0,Female,1926
941739,9,9,Good,,Several times a week,184.0,62.0,Female,1984
941747,4,5,Fair,20.0,Less than once a month,160.0,60.0,Female,1955
941755,7,9,Good,,Several times a week,167.0,75.0,Male,1954
941763,6,9,Very good,,Less than once a month,189.0,86.0,Male,1998
941771,8,7,Very good,,Several times a week,162.0,65.0,Female,1956
941797,7,5,Bad,,Never,185.0,96.0,Male,1956
941802,7,Extremely happy,Very good,,Several times a week,156.0,59.0,Female,1942
941828,7,8,Very good,,Every day,175.0,90.0,Male,1945
941844,9,6,Bad,,Never,182.0,61.0,Male,1926
941860,7,Extremely happy,Very good,,Less than once a month,164.0,57.0,Female,1979
941878,8,8,Good,,Several times a week,183.0,84.0,Male,1985
941886,9,7,Good,,2-3 times a month,168.0,,Female,1968
941894,7,9,Very good,,2-3 times a month,183.0,90.0,Male,1977
941909,8,9,Very good,,Once a week,171.0,77.0,Female,1950
941917,7,9,Good,,2-3 times a month,178.0,73.0,Female,1961
941959,Most people can be trusted,6,Fair,,Every day,184.0,84.0,Male,1979
941975,8,7,Very good,,Once a week,178.0,69.0,Female,1961
941983,7,Extremely happy,Fair,,Less than once a month,180.0,125.0,Male,1951
941991,9,9,Good,,Less than once a month,165.0,83.0,Female,1970
942010,5,9,Very good,,Once a week,180.0,,Female,1952
942036,7,9,Bad,,Several times a week,167.0,82.0,Female,1967
942044,7,8,Fair,0.0,Several times a week,186.0,71.0,Male,1997
942078,7,8,Good,1.0,Several times a week,182.0,90.0,Male,1975
942086,,9,Very good,15.0,Several times a week,176.0,70.0,Female,1962
942094,8,8,Very good,,Less than once a month,173.0,83.0,Male,1929
942117,7,7,Good,,Several times a week,175.0,70.0,Female,1975
942141,7,8,Very good,15.0,Several times a week,169.0,,Female,1963
942175,2,Extremely unhappy,Very bad,30.0,Less than once a month,162.0,55.0,Female,1992
942183,5,6,Good,,Once a week,167.0,90.0,Female,1969
942230,5,Extremely happy,Good,,Every day,184.0,87.0,Male,1947
942248,8,8,Very good,5.0,Once a month,179.0,66.0,Male,1969
942256,3,8,Very good,4.0,Never,163.0,62.0,Female,1946
942264,9,Extremely happy,Good,,2-3 times a month,162.0,68.0,Female,1988
942280,Most people can be trusted,9,Very good,,Never,189.0,85.0,Male,1950
942298,Most people can be trusted,Extremely happy,Very good,,Several times a week,192.0,91.0,Male,1980
942337,8,7,Good,8.0,Several times a week,178.0,82.0,Female,1959
942361,8,8,Good,,Less than once a month,180.0,115.0,Female,1974
942395,,Extremely happy,Good,,Never,161.0,,Female,1945
942442,9,9,Good,,Several times a week,176.0,71.0,Male,1961
942468,8,8,Good,,Once a week,186.0,83.0,Male,1961
942476,4,7,Fair,,Once a week,158.0,60.0,Female,1981
942484,5,9,Bad,20.0,Less than once a month,168.0,68.0,Male,1968
942492,3,Extremely happy,Fair,,2-3 times a month,164.0,73.0,Female,1970
942515,8,6,Fair,12.0,Once a week,180.0,84.0,Male,1958
942531,9,8,Good,,Once a week,178.0,120.0,Male,1959
942557,9,8,Fair,6.0,Once a week,178.0,80.0,Female,1958
942565,9,9,Good,,Once a month,173.0,115.0,Female,1984
942599,7,7,Very good,,2-3 times a month,174.0,62.0,Female,1957
942604,7,9,Very good,,2-3 times a month,175.0,81.0,Male,1969
942620,3,5,Fair,40.0,Less than once a month,176.0,58.0,Female,1967
942638,7,5,Good,,Once a week,169.0,57.0,Male,1978
942662,8,7,Good,15.0,2-3 times a month,173.0,73.0,Female,1963
942701,6,5,Fair,,2-3 times a month,174.0,106.0,Female,1974
942719,9,9,Very good,,Once a week,179.0,68.0,Female,1981
942727,5,5,Fair,,Once a week,190.0,124.0,Male,1969
942743,3,8,Fair,,2-3 times a month,179.0,98.0,Male,1958
942785,8,9,Very good,,Every day,184.0,75.0,Male,1951
942793,7,9,Very good,10.0,Once a week,183.0,83.0,Male,1983
942808,5,8,Very good,,Once a week,168.0,77.5,Female,1956
942816,4,4,Good,,2-3 times a month,195.0,117.0,Male,1974
942824,8,5,Good,,Every day,182.0,75.0,Male,1925
942840,8,8,Very good,13.0,2-3 times a month,170.0,80.0,Female,1965
942866,Most people can be trusted,Extremely happy,Very good,,Once a month,180.0,57.0,Female,1967
942874,5,7,Very bad,,Less than once a month,155.0,45.3,Female,1931
942890,8,Extremely happy,Very good,,2-3 times a month,192.0,74.0,Male,1995
942913,7,9,Good,,Once a week,165.0,65.0,Male,1979
942939,8,Extremely happy,Good,,2-3 times a month,185.0,117.0,Male,1962
942947,9,8,Fair,,Several times a week,187.0,91.0,Male,1947
942955,8,9,Very good,,2-3 times a month,190.0,86.0,Male,1990
942963,1,Extremely happy,Very good,,2-3 times a month,179.0,88.0,Male,1952
943008,7,9,Fair,,2-3 times a month,164.0,69.0,Female,1940
943016,8,8,Good,10.0,Several times a week,176.0,78.0,Male,1961
943040,8,Extremely happy,Very good,,Several times a week,184.0,85.0,Male,1977
943058,9,8,Very good,,Several times a week,172.0,85.0,Male,1964
943066,9,9,Very good,,Less than once a month,179.0,70.0,Male,1975
943082,9,8,Good,20.0,Every day,183.0,90.0,Male,1965
943090,9,9,Very good,8.0,Several times a week,159.0,59.0,Female,1964
943105,8,8,Very good,,Once a week,187.0,87.0,Male,1957
943121,8,7,Fair,,2-3 times a month,163.0,78.0,Female,1946
943147,8,9,Very good,,Less than once a month,189.0,62.0,Male,1996
943155,9,9,Fair,,Several times a week,164.0,82.0,Female,1950
943171,8,8,Very good,,2-3 times a month,172.0,70.0,Male,1985
943210,6,8,Good,,Several times a week,173.0,90.0,Male,1974
943236,1,Extremely happy,Good,,Once a month,160.0,57.0,Female,1946
943260,5,8,Bad,,Never,186.0,112.0,Male,1945
943278,8,8,Fair,4.0,Once a month,171.0,58.0,Female,1974
943286,4,7,Good,,Less than once a month,159.0,63.0,Female,1987
943294,5,8,Fair,,Several times a week,180.0,82.0,Male,1958
943309,8,9,Good,,Every day,183.0,92.0,Male,1942
943317,9,9,Very good,,Once a month,178.0,72.0,Male,1989
943325,4,8,Good,,2-3 times a month,172.0,64.0,Female,1978
943333,8,9,Fair,,Less than once a month,164.0,70.0,Female,1987
943341,4,7,Fair,7.0,Less than once a month,187.0,84.0,Male,1988
943367,9,9,Very good,,2-3 times a month,183.0,75.0,Male,1993
943430,Most people can be trusted,5,Very good,,2-3 times a month,168.0,65.0,Female,1973
943448,7,9,Good,,Once a week,187.0,79.0,Male,1994
943464,3,8,Good,,Several times a week,181.0,77.0,Male,1943
943480,5,5,Fair,,Several times a week,174.0,94.0,Male,1930
943498,8,8,Good,,2-3 times a month,180.0,95.0,Male,1970
943511,You can't be too careful,3,Fair,15.0,Never,183.0,68.0,Male,1992
943529,9,8,Very good,,2-3 times a month,180.0,106.0,Male,1926
943545,4,5,Bad,,Several times a week,173.0,90.0,Male,1953
943553,8,8,Good,,Once a week,182.0,86.0,Male,1971
943595,5,7,Very good,,Several times a week,162.0,54.0,Female,1984
943618,7,9,Good,,Every day,184.0,72.0,Male,1959
943626,5,7,Very good,,Once a week,179.0,65.0,Male,1988
943634,7,9,Good,,Several times a week,194.0,88.0,Male,1977
943642,5,7,Fair,,Once a week,162.0,70.0,Female,1957
943668,9,9,Very good,,Once a week,184.0,92.0,Male,1946
943684,6,9,Good,,Every day,172.0,68.0,Male,1929
943715,5,8,Good,,Once a month,168.0,65.0,Female,1946
943749,5,9,Very good,,Never,148.0,54.0,Female,1964
943757,7,8,Fair,,Less than once a month,174.0,103.0,Female,1971
943765,7,Extremely happy,Very good,,Several times a week,185.0,76.0,Male,1986
943773,8,2,Bad,,Several times a week,163.0,69.0,Female,1946
943846,2,,Good,,Several times a week,178.0,76.0,Male,1945
943896,8,9,Very good,,Every day,171.0,76.0,Male,1941
943927,9,Extremely happy,Good,,Several times a week,176.0,65.0,Female,1950
943951,8,8,Very good,,2-3 times a month,173.0,63.0,Female,1970
943969,8,8,Fair,,Every day,169.0,80.0,Male,1940
943985,8,7,Good,,Once a week,173.0,70.0,Male,1975
943993,7,8,Good,,Every day,175.0,66.0,Male,1928
944004,9,9,Good,5.0,Once a week,183.0,105.0,Male,1960
944012,8,9,Very good,,Never,160.0,64.0,Female,1974
944020,7,Extremely happy,Very good,,2-3 times a month,170.0,99.0,Female,1984
944046,9,7,Very good,,Several times a week,193.0,90.0,Male,1963
944062,7,8,Bad,18.0,Several times a week,172.0,90.0,Male,1962
944070,6,8,Good,10.0,Several times a week,168.0,110.0,Female,1993
944088,7,9,Good,14.0,Several times a week,178.0,72.0,Male,1976
944101,4,Extremely happy,Very good,,2-3 times a month,166.0,72.0,Female,1965
944119,3,5,Fair,20.0,2-3 times a month,156.0,50.0,Female,1990
944127,8,8,Very good,,Several times a week,164.0,50.0,Female,1952
944135,6,7,Bad,,Never,158.0,66.0,Female,1952
944193,7,9,Good,0.0,Once a week,182.0,92.0,Female,1979
944208,7,7,Very good,,Several times a week,180.0,80.0,Male,1984
944216,5,Extremely happy,Fair,,Once a week,188.0,115.0,Male,1942
944258,9,9,Very good,2.0,Every day,170.0,73.0,Male,1940
944266,7,8,Good,,2-3 times a month,170.0,85.0,Female,1976
944313,2,9,Good,,Never,152.0,48.0,Female,1929
944347,8,7,Fair,,Less than once a month,166.0,90.0,Female,1965
944355,7,8,Good,,Never,167.0,79.0,Female,1951
944363,8,8,Fair,12.0,Once a month,172.0,66.0,Female,1968
944371,3,6,Fair,,2-3 times a month,188.0,105.0,Male,1982
944397,4,8,Fair,,Never,174.0,,Female,1981
944428,7,8,Very good,,Several times a week,178.0,75.0,Male,1964
944436,9,Extremely happy,Very good,,Several times a week,180.0,69.0,Male,1947
944444,Most people can be trusted,Extremely happy,Very good,,Less than once a month,176.0,91.0,Male,1983
944478,8,8,Very good,16.0,Once a week,182.0,93.0,Male,1948
944517,7,9,Fair,,Never,180.0,88.0,Male,1978
944525,3,Extremely happy,Bad,,Once a month,182.0,66.0,Male,1944
944541,6,9,Very good,,Less than once a month,183.0,88.0,Male,1969
944567,7,8,Good,,Several times a week,181.0,68.0,Male,1938
944575,7,Extremely happy,Very good,20.0,Once a week,181.0,93.0,Male,1966
944591,8,8,Fair,,2-3 times a month,168.0,70.0,Female,1956
944606,6,Extremely happy,Very bad,,Every day,179.0,80.0,Male,1947
944622,8,8,Fair,,Once a week,170.0,89.0,Female,1968
944630,8,8,Very good,,Never,181.0,78.0,Male,1944
944648,9,8,Fair,,Once a month,174.0,71.0,Male,1933
944664,7,7,Very good,6.0,Every day,177.0,82.0,Female,1947
944672,8,9,Very good,,Once a week,190.0,85.0,Male,1976
944698,You can't be too careful,Extremely happy,Very good,,2-3 times a month,175.0,80.0,Male,1999
944711,8,8,Very good,,Once a week,188.0,88.0,Male,1977
944729,6,Extremely happy,Good,,Once a month,163.0,60.0,Female,1980
944753,4,8,Fair,,Several times a week,175.0,77.0,Male,1966
944779,5,8,Fair,,Several times a week,187.0,103.0,Male,1945
944787,8,7,Very good,,Every day,182.0,80.0,Male,1979
944818,8,6,Fair,20.0,2-3 times a month,175.0,85.0,Male,1968
944826,3,Extremely happy,Very good,10.0,Several times a week,173.0,80.0,Female,1971
944876,7,8,Very good,10.0,Several times a week,175.0,74.0,Female,1950
944923,9,Extremely happy,Good,,Less than once a month,170.0,69.0,Female,1992
944931,7,8,Very good,4.0,2-3 times a month,171.0,74.0,Male,1990
944949,8,9,Good,,Once a week,186.0,80.0,Male,1976
944999,7,7,Fair,,Every day,160.0,56.0,Female,1954
945018,8,8,Good,,Several times a week,186.0,104.0,Male,1957
945026,6,8,Good,,Less than once a month,167.0,61.0,Female,1955
945034,9,8,Good,,Less than once a month,173.0,60.0,Female,1942
945042,6,8,Very good,,Once a week,180.0,82.0,Male,1962
945068,5,4,Bad,102.0,Several times a week,187.0,80.0,Male,1962
945076,7,8,Fair,20.0,Never,164.0,75.0,Female,1949
945084,8,9,Fair,,Less than once a month,180.0,80.0,Male,1943
945092,8,8,Good,,2-3 times a month,190.0,87.0,Male,1996
945107,7,Extremely happy,Very bad,,2-3 times a month,172.0,114.0,Female,1954
945149,8,9,Very good,,Once a month,168.0,68.0,Female,1983
945212,5,5,Good,,Never,166.0,92.0,Female,1947
945220,8,9,Good,,Once a week,170.0,75.0,Female,1952
945262,7,Extremely happy,Very good,20.0,Every day,162.0,68.0,Female,1952
945296,7,9,Good,,Less than once a month,176.0,92.0,Male,1966
945301,7,8,Good,,Once a week,178.0,66.0,Male,1972
945319,8,7,Good,5.0,Several times a week,160.0,49.0,Female,1991
945369,8,8,Good,,Less than once a month,168.0,75.0,Female,1991
945466,Most people can be trusted,9,Very good,,Several times a week,188.0,80.0,Male,1945
945521,9,Extremely happy,Good,,Several times a week,180.0,73.0,Male,1949
945555,9,8,Fair,,Less than once a month,169.0,68.0,Female,1996
945563,Most people can be trusted,9,Good,,Every day,162.0,72.0,Female,1950
945571,8,8,Fair,,Less than once a month,181.0,117.0,Male,1981
945652,4,8,Very good,10.0,Once a week,191.0,80.0,Male,1998
945660,6,9,Good,,Several times a week,177.0,89.0,Male,1949
945686,8,8,Very good,,2-3 times a month,162.0,60.5,Female,1934
945733,9,8,Fair,,Several times a week,173.0,80.0,Female,1951
945759,7,9,Very good,,2-3 times a month,181.0,82.0,Male,1987
945767,Most people can be trusted,9,Very good,6.0,Every day,168.0,54.0,Female,1954
945791,3,Extremely happy,Very good,,Once a week,172.0,80.0,Male,1935
945806,Most people can be trusted,9,Very good,,Several times a week,181.0,79.0,Male,1964
945814,8,8,Very good,,2-3 times a month,163.0,57.0,Female,1985
945822,8,8,Good,,Never,170.0,70.0,Male,1939
945830,3,Extremely happy,Very good,,Once a month,174.0,79.0,Female,1941
945856,9,Extremely happy,Good,,Once a week,170.0,66.0,Male,1988
945872,7,9,Very good,,Once a month,163.0,64.0,Female,1976
945903,2,2,Fair,,Less than once a month,158.0,65.0,Female,1967
945937,8,8,Very good,,Several times a week,184.0,93.0,Male,1959
945953,7,9,Very good,,Once a month,185.0,64.0,Male,1999
945961,5,7,Fair,30.0,Several times a week,186.0,83.0,Male,1990
946014,5,7,Good,,2-3 times a month,182.0,70.0,Male,1997
946030,7,8,Very good,,Several times a week,182.0,76.0,Male,1983
946064,5,Extremely happy,Very good,,Every day,180.0,86.0,Male,1936
946072,8,9,Very good,,Several times a week,183.0,110.0,Male,1985
946098,8,8,Good,5.0,Once a week,169.0,66.0,Female,1969
946129,7,8,Very good,,Once a month,160.0,75.0,Female,1981
946153,6,7,Bad,,Never,159.0,50.0,Female,1933
946161,7,5,Very good,,Once a month,174.0,65.0,Male,1993
946195,7,Extremely happy,Very good,,2-3 times a month,191.0,95.0,Male,1991
946218,8,8,Good,20.0,Several times a week,185.0,83.0,Male,1972
946250,6,8,Good,7.0,2-3 times a month,187.0,66.0,Male,1997
946268,5,9,Very good,10.0,2-3 times a month,180.0,74.0,Male,1966
946276,7,Extremely happy,Very good,,2-3 times a month,196.0,96.0,Male,1964
946292,8,9,Very good,,Once a month,163.0,66.0,Female,1998
946331,9,8,Fair,,2-3 times a month,172.0,68.0,Male,1945
946349,4,7,Fair,,Several times a week,170.0,74.0,Female,1977
946373,7,9,Very good,,2-3 times a month,159.0,60.0,Female,1971
946381,6,7,Very good,,2-3 times a month,167.0,57.0,Female,1998
946404,8,8,Good,,2-3 times a month,190.0,110.0,Male,1959
946412,4,7,Good,,Once a week,189.0,67.0,Male,1985
946446,8,9,Very good,,Several times a week,182.0,95.0,Male,1965
946488,8,Extremely happy,Very good,,Several times a week,164.0,80.0,Female,1947
946496,1,5,Fair,,2-3 times a month,180.0,87.0,Male,1981
946519,5,Extremely happy,Fair,,Less than once a month,173.0,70.0,Female,1998
946527,8,,Bad,,Every day,177.0,66.0,Female,1932
946535,8,8,Good,,2-3 times a month,164.0,63.0,Female,1971
946569,Most people can be trusted,9,Bad,,Several times a week,180.0,69.0,Female,1963
946585,8,Extremely happy,Good,,Several times a week,168.0,58.0,Female,1963
946616,8,8,Very good,,Less than once a month,167.0,114.0,Female,1964
946624,8,8,Fair,,Several times a week,178.0,76.0,Male,1970
946658,7,6,Very good,,Several times a week,182.0,76.0,Male,1990
946666,7,9,Good,6.0,Less than once a month,160.0,65.0,Female,1982
946682,8,8,Good,,Once a month,188.0,95.0,Male,1974
946690,5,8,Very good,20.0,Several times a week,179.0,82.0,Male,1963
946721,7,9,Very good,,Once a week,165.0,61.0,Female,1985
946747,3,8,Good,,Several times a week,168.0,76.0,Male,1938
946755,Most people can be trusted,9,Good,,Once a week,180.0,115.0,Male,1977
946797,9,8,Good,,Several times a week,186.0,75.0,Male,1991
946810,5,8,Very good,,Once a week,180.0,78.0,Male,1989
946828,5,9,Very good,,Once a week,165.0,68.0,Male,1933
946836,8,8,Very good,,Several times a week,171.0,95.0,Female,1952
946852,8,Extremely happy,Very good,,Several times a week,175.0,85.0,Female,1967
946886,4,6,Good,,Once a month,188.0,95.0,Male,1993
946917,8,9,Good,,2-3 times a month,185.0,97.0,Male,1983
946925,8,8,Good,,Once a week,165.0,73.0,Female,1955
946933,6,7,Fair,20.0,Several times a week,170.0,85.0,Female,1956
946959,9,9,Very good,,Less than once a month,185.0,97.0,Male,1973
946967,You can't be too careful,8,Fair,,Every day,160.0,45.0,Female,1941
946975,8,9,Fair,,Once a week,178.0,76.0,Male,1963
947010,8,7,Fair,,Several times a week,174.0,80.0,Male,1955
947028,7,8,Good,,Once a week,175.0,103.0,Male,1985
947060,5,9,Very good,20.0,Several times a week,190.0,96.0,Male,1984
947078,7,9,Fair,,Several times a week,166.0,58.0,Female,1964
947086,8,7,Very good,,Once a week,186.0,84.0,Male,1964
947117,7,9,Very good,,2-3 times a month,170.0,71.0,Female,1963
947141,8,9,Good,,Once a month,165.0,74.0,Female,1973
947159,6,7,Very good,,Less than once a month,171.0,67.0,Male,1994
947167,8,Extremely happy,Good,,Never,173.0,78.0,Female,1957
947214,Most people can be trusted,9,Good,,Less than once a month,178.0,57.0,Female,1986
947230,7,8,Very good,,2-3 times a month,162.0,59.0,Female,1968
947248,Most people can be trusted,Extremely happy,Very good,,2-3 times a month,169.0,61.0,Female,1977
947256,9,6,Very good,,Several times a week,170.0,73.0,Female,1948
947272,5,4,Fair,,Several times a week,182.0,54.0,Male,1990
947280,3,6,Good,,2-3 times a month,183.0,82.0,Male,1981
947303,7,9,Good,,Less than once a month,173.0,59.0,Female,1999
947329,8,7,Fair,,Once a week,177.0,65.0,Male,1952
947337,Most people can be trusted,8,Good,,2-3 times a month,160.0,59.0,Female,1945
947345,8,9,Good,10.0,Once a week,174.0,104.0,Male,1984
947379,8,9,Good,,Once a week,176.0,70.0,Male,1979
947395,5,8,Fair,,Once a week,183.0,87.0,Male,1949
947400,7,9,Very good,,2-3 times a month,174.0,65.0,Male,1997
947450,9,8,Very good,,2-3 times a month,160.0,57.0,Female,1981
947476,Most people can be trusted,9,Fair,,Less than once a month,184.0,87.0,Female,1939
947484,3,Extremely happy,Fair,,Once a month,160.0,78.0,Female,1964
947492,8,9,Good,,Once a week,165.0,61.0,Female,1954
947507,3,Extremely happy,Very good,,Every day,172.0,80.0,Male,1935
947515,Most people can be trusted,9,Good,5.0,Several times a week,172.0,62.0,Female,1958
947523,Most people can be trusted,Extremely happy,Good,,Once a week,170.0,72.0,Male,1927
947557,8,8,Fair,,Less than once a month,159.0,108.0,Female,1980
947565,9,8,Good,,Several times a week,175.0,75.0,Male,1955
947612,7,8,Very good,3.0,Once a week,165.0,58.0,Female,1940
947638,Most people can be trusted,9,Good,,Several times a week,168.0,63.0,Female,1936
947646,Most people can be trusted,9,Very good,,Less than once a month,173.0,69.0,Female,1973
947662,9,8,Very good,,2-3 times a month,182.0,65.0,Male,1968
947719,8,7,Fair,,Once a week,180.0,101.0,Male,1951
947735,7,8,Very good,,2-3 times a month,175.0,77.0,Male,1972
947751,6,8,Bad,,Every day,176.0,66.0,Male,1954
947769,8,9,Fair,,Several times a week,176.0,110.0,Female,1959
947793,5,7,Fair,,Once a month,179.0,58.0,Male,1999
947808,9,7,Very good,20.0,Once a week,169.0,57.0,Female,1957
947816,5,7,Fair,,Once a week,175.0,71.0,Female,1948
947840,9,9,Very good,,Once a week,185.0,86.0,Male,1995
947858,8,9,Very good,,Several times a week,181.0,71.0,Male,1992
947874,9,9,Good,,Once a week,184.0,89.0,Male,1985
947882,7,7,Very good,,2-3 times a month,164.0,68.0,Female,1973
947890,7,Extremely happy,Very good,,Once a month,167.0,56.0,Female,1996
947905,4,9,Very good,,Several times a week,177.0,95.0,Male,1976
947921,7,8,Good,,Less than once a month,169.0,63.0,Female,1980
947947,7,8,Fair,,Once a week,161.0,69.0,Female,1943
947971,Most people can be trusted,7,Bad,3.0,Once a week,165.0,80.0,Male,1932
947989,7,8,Very good,15.0,Once a week,193.0,90.3,Male,1959
947997,9,Extremely happy,Good,4.0,2-3 times a month,168.0,56.0,Female,1997
948016,7,7,Fair,8.0,Less than once a month,165.0,53.0,Female,1965
948074,5,8,Good,,Once a week,165.0,68.0,Female,1995
948082,5,8,Fair,3.0,Once a week,180.0,89.0,Male,1947
948113,Most people can be trusted,Extremely happy,Fair,3.0,Once a week,167.0,79.0,Female,1983
948121,8,9,Good,,Several times a week,178.0,93.0,Male,1941
948189,7,Extremely happy,Good,5.0,2-3 times a month,176.0,88.0,Male,1990
948197,9,8,Good,,Several times a week,182.0,86.0,Male,1961
948202,9,Extremely happy,Fair,,Once a week,168.0,62.0,Female,1955
948244,7,5,Very good,,Once a week,167.0,59.0,Female,1998
948286,7,9,Very good,,2-3 times a month,157.0,55.0,Female,1993
948294,Most people can be trusted,Extremely happy,Very good,,Less than once a month,182.0,117.0,Female,1968
948333,8,9,Fair,,Less than once a month,162.0,73.0,Male,1934
948341,7,8,Fair,,Never,177.0,68.0,Male,1963
948359,8,Extremely happy,Fair,,Once a week,177.0,75.0,Male,1928
948375,6,9,Very good,,Once a week,169.0,91.0,Male,1951
948383,8,Extremely happy,Good,,Once a week,173.0,72.0,Female,1958
948391,7,7,Good,,Less than once a month,176.0,63.0,Female,1995
948406,7,8,Fair,,2-3 times a month,176.0,58.0,Male,1949
948414,7,8,Good,,Less than once a month,168.0,,Female,1974
948422,3,7,Good,,Less than once a month,166.0,65.0,Female,1991
948448,8,7,Fair,,Several times a week,185.0,95.0,Male,1957
948456,8,9,Very good,,Less than once a month,170.0,80.0,Female,1975
948472,8,8,Good,,Once a month,171.0,56.0,Female,1977
948480,8,Extremely happy,Very good,,2-3 times a month,168.0,80.0,Male,1966
948529,8,9,Very good,,2-3 times a month,181.0,78.0,Female,1972
948545,7,7,Good,,2-3 times a month,168.0,64.0,Female,1953
948595,8,Extremely happy,Good,,Several times a week,178.0,92.0,Male,1947
948600,3,7,Good,,2-3 times a month,185.0,90.0,Male,1965
948618,4,8,Good,,Never,166.0,73.0,Female,1997
948650,8,Extremely happy,Very good,,Every day,182.0,83.3,Male,1949
948676,7,8,Fair,,Once a month,174.0,82.0,Female,1965
948715,9,6,Very good,,Once a week,198.0,84.0,Male,1993
948731,8,8,Good,,2-3 times a month,175.0,60.0,Female,1974
948757,7,8,Very good,,Once a week,188.0,80.0,Male,1965
948765,5,8,Very good,,Less than once a month,153.0,57.0,Female,1950
948781,8,2,Very bad,,Never,150.0,57.0,Female,1959
948838,8,7,Good,,Several times a week,185.0,83.0,Male,1972
948846,5,7,Good,,2-3 times a month,159.0,60.0,Female,1997
948854,2,6,Very good,15.0,2-3 times a month,175.0,64.0,Male,1964
948896,9,8,Good,,Several times a week,168.0,70.0,Female,1959
948901,7,Extremely happy,Good,40.0,Every day,180.0,83.0,Male,1970
948919,8,9,Good,,Never,160.0,72.0,Female,1965
948927,8,8,Very good,,Once a week,180.0,74.0,Male,1960
948943,4,8,Good,,Several times a week,172.0,71.0,Female,1938
948993,8,7,Good,,Once a week,164.0,58.0,Female,1956
949004,6,9,Very good,10.0,Several times a week,180.0,65.0,Male,1963
949012,8,Extremely happy,Good,,Several times a week,186.0,93.0,Male,1939
949020,8,6,Good,,Once a week,178.0,66.0,Male,1962
949046,7,8,Good,,2-3 times a month,183.0,75.0,Male,1981
949054,9,Extremely happy,Very good,,2-3 times a month,166.0,71.0,Female,1939
949070,5,9,Very good,,2-3 times a month,167.0,95.0,Female,1983
949096,4,5,Very good,,Less than once a month,186.0,73.0,Male,1979
949119,9,9,Very good,,Once a week,165.0,65.0,Female,1954
949135,8,5,Good,,Several times a week,167.0,55.0,Female,1978
949143,8,8,Good,,2-3 times a month,172.0,62.0,Female,1972
949185,7,9,Fair,,Every day,183.0,93.0,Male,1946
949193,8,9,Good,,Several times a week,186.0,82.0,Male,1993
949208,7,9,Fair,,Less than once a month,178.0,73.0,Male,1994
949216,7,8,Very good,,Once a month,180.0,69.0,Male,1994
949224,7,Extremely happy,Fair,,2-3 times a month,161.0,86.0,Female,1941
949258,8,9,Good,8.0,Every day,172.0,76.0,Male,1943
949274,8,7,Very good,,Several times a week,168.0,72.0,Female,1974
949305,9,Extremely happy,Fair,,Less than once a month,160.0,80.0,Female,1939
949313,Most people can be trusted,Extremely happy,Good,,Several times a week,178.0,74.0,Male,1988
949321,8,Extremely happy,Very good,1.0,2-3 times a month,176.0,77.0,Female,1972
949339,7,Extremely happy,Good,,Every day,181.0,77.0,Male,1930
949363,8,9,Very good,5.0,Once a week,165.0,63.0,Female,1952
949389,8,Extremely happy,Good,,2-3 times a month,164.0,60.0,Female,1927
949397,7,8,Very good,,2-3 times a month,176.0,67.0,Male,1942
949436,8,9,Good,10.0,2-3 times a month,160.0,83.0,Female,1967
949444,9,8,Very good,,Once a month,165.0,58.0,Female,1965
949486,8,8,Good,,Once a week,164.0,75.0,Female,1962
949494,7,7,Good,,Never,161.0,82.0,Female,1994
949509,9,9,Good,,Several times a week,192.0,76.0,Male,1989
949517,7,8,Very good,,Less than once a month,165.0,90.0,Female,1947
949541,8,8,Fair,,Less than once a month,172.0,110.0,Female,1958
949583,7,4,Fair,,Once a week,165.0,,Female,1958
949591,9,9,Very good,,Once a week,180.0,94.0,Male,1971
949606,4,Extremely happy,Very good,,Less than once a month,170.0,130.0,Female,1993
949614,8,8,Very good,,Several times a week,186.0,90.0,Male,1934
949622,8,9,Very good,,2-3 times a month,167.0,95.0,Female,1955
949630,7,8,Very good,10.0,Several times a week,168.0,55.0,Female,1995
949648,6,9,Bad,,Several times a week,195.0,110.0,Male,1980
949680,8,9,Fair,,Every day,174.0,81.0,Male,1936
949703,7,9,Very good,,Once a week,186.0,89.0,Male,1969
949711,5,8,Good,,Once a month,165.0,88.0,Male,1927
949745,6,8,Very good,,Several times a week,190.0,83.0,Male,1957
949779,7,Extremely happy,Good,,Several times a week,178.0,84.2,Male,1933
949787,9,8,Very good,20.0,Once a week,176.0,58.0,Female,1967
949800,8,9,Good,5.0,Once a week,173.0,78.0,Female,1958
949826,Most people can be trusted,9,Very good,,2-3 times a month,184.0,82.0,Male,1962
949868,8,9,Fair,15.0,2-3 times a month,174.0,,Female,1971
949876,7,Extremely happy,Very good,,2-3 times a month,194.0,,Male,1995
949892,6,3,Fair,20.0,Every day,174.0,92.0,Male,1964
949907,7,8,Very good,,Several times a week,180.0,80.0,Male,1942
949915,9,9,Very good,,Several times a week,176.0,86.0,Male,1944
949923,4,7,Good,,2-3 times a month,172.0,67.0,Female,1975
949931,7,Extremely happy,Fair,,Once a week,160.0,72.0,Female,1924
949981,7,Extremely happy,Very good,,Several times a week,170.0,80.0,Male,1946
949999,8,4,Good,,Several times a week,200.0,88.0,Male,1994
950037,5,9,Good,,Once a week,172.0,110.0,Male,1944
950053,7,Extremely happy,Good,,Several times a week,175.0,70.0,Female,1959
950061,7,Extremely happy,Very good,1.0,Once a week,183.0,70.0,Male,1995
950079,6,9,Very good,,Never,172.0,76.0,Male,1973
950095,8,9,Good,,Every day,180.0,85.0,Male,1947
950118,8,8,Good,,Several times a week,165.0,,Female,1965
950134,9,9,Very good,,Less than once a month,170.0,52.0,Female,1960
950150,6,8,Good,,Several times a week,186.0,80.0,Male,1956
950184,8,8,Fair,20.0,2-3 times a month,167.0,109.0,Female,1960
950192,9,8,Very good,,Several times a week,185.0,92.0,Male,1990
950249,8,7,Good,7.0,Several times a week,190.0,89.0,Male,1956
950273,2,7,Fair,,Less than once a month,174.0,60.0,Female,1980
950304,Most people can be trusted,Extremely happy,Very good,,Several times a week,172.0,50.0,Female,1940
950320,7,Extremely happy,Good,,Once a week,185.0,96.0,Male,1960
950346,7,9,Good,,Several times a week,156.0,60.0,Female,1955
950354,8,9,Very good,,Every day,170.0,66.0,Male,1945
950362,4,9,Good,,Once a month,176.0,68.0,Male,1979
950427,5,7,Fair,23.0,Every day,192.0,117.0,Male,1964
950443,5,9,Very good,,Once a week,195.0,87.0,Male,1995
950469,7,8,Good,,Several times a week,164.0,84.0,Female,1945
950477,8,8,Good,,2-3 times a month,180.0,90.0,Male,1942
950493,5,9,Good,,Once a week,183.0,86.0,Male,1955
950508,7,8,Very good,,Once a week,173.0,75.0,Male,1966
950516,3,Extremely happy,Very good,,2-3 times a month,168.0,75.0,Female,1942
